x	y	clickSelects
0.11456045587254	0.988804784094061	311
0.07925476684987	-0.942496358483513	311
0.10450009676736	-0.12865263535749	311
0.11853856335459	-0.321161057302948	311
0.11297276523637	-0.909755832479433	311
0.02074870604695	-0.331310431733233	311
0.04968400447416	1.07436728246335	311
0.01927558331747	-2.14899288206116	311
0.12032988617463	1.23123603376348	285
0.10414261541278	-0.588319424702011	285
0.0499787179411799	-1.19039217224448	285
-0.021924671094304	-2.27393982481112	285
0.1140631615061	-0.131252564788674	285
0.10647846300152	-0.752481873819487	285
0.11609975599832	-2.22980120499745	285
-0.016161281667797	0.617420051277588	609
0.09248392501557	1.03288649317426	609
0.12473824698397	0.951307745506647	609
-0.015501024960335	1.33049493351362	609
0.08024946933224	-0.858188396208966	385
0.0492885426729901	2.33329327029953	473
-0.016704394846276	1.54761208243402	473
-0.023609333870797	-0.729839576996756	473
-0.029264237547336	-2.355107201065	473
0.0356269042831801	0.233067640380433	473
0.12425175910333	1.1090182318677	99
0.09855376589004	2.34498370212508	99
0.02164959098038	1.62846231222587	99
0.0208450468849299	1.93504243601321	99
0.0579350339986999	1.34494213722084	99
0.11562818258632	-2.29896962125246	197
0.03667412471998	2.10666522850321	99
0.0521709034523099	0.949738784331029	197
-0.019583717739619	1.22100678689077	197
0.10376092772664	-2.48530856272424	197
0.11226120674527	1.96051831264165	197
0.02792069256691	-1.79811367399802	197
0.0895658986682799	1.74583758833715	197
0.11953922539364	0.376931759093296	197
0.11659641120315	2.00979187060803	197
0.01960491599813	2.12449703751509	59
0.0484978979811499	-1.7965930066588	197
0.10759505344079	-2.17110420279337	197
0.0462669357188401	1.28722532081493	59
0.0656567075260599	0.665734333702719	59
0.00499370854923997	-0.209188446730099	59
-0.015087661017544	-2.3496354925083	59
0.0464829532814901	-0.087193169014185	59
0.08319034852095	-1.61352056605283	197
-0.012742999193278	0.574867424754466	59
0.10550055188961	-2.45171845034735	197
0.11489931325884	-1.66792971977643	197
0.03426605711304	0.0551670354932199	59
0.10230383234427	1.28091124859322	197
0.0866821469907699	2.08399601989371	197
0.07396109896402	-1.54080988246614	197
0.11408810956825	-0.076053977635592	197
0.0159480293755501	-2.12670387743773	197
0.11679384079015	2.38206772835635	197
0.0869141329402301	-2.48924102579434	197
-0.0474811377164051	-1.61736494370561	476
0.09674475413994	0.825553924768578	197
0.07249128014352	1.4032525334835	197
0.0117152264018601	-0.320965390008265	197
0.0915131079941101	0.275232394442149	197
0.0582261193698399	-0.473396140973129	197
-0.00886188669155297	-2.11497654758124	197
0.0888296290538899	-0.875123194813149	197
0.08269155619348	-2.24158237580157	197
0.10145668088953	-1.61478143036594	197
0.0316911909217701	0.958301461798797	197
0.0192164997859501	-1.1974281964534	197
0.06274081970458	1.79383192273847	197
-0.0131694409287521	0.117479611584489	197
0.1083211207833	0.0150248768717312	197
-0.016538278950618	-0.652745595552972	197
0.0488489739070499	-1.16135488820884	197
0.05439733896792	0.198653503610817	197
0.0633177388980699	-0.304171537458956	197
0.0489303949789499	1.89291592328901	197
0.0702850714987899	-1.57709723513607	197
0.0331989362662599	-0.216305082803441	197
0.12137910526763	1.64462667564519	197
-0.038146292004565	-2.06609189789433	197
0.0321698036834801	-1.45122662819983	197
0.0106834363872499	-0.674406922365566	197
0.0367191053346501	0.458292384090921	197
0.0917817028122401	1.33553305080929	197
0.0971478530921299	-1.76241143065913	197
0.11595304628567	-2.05436487839638	350
0.10384219667217	0.458287004607797	350
-0.00347453988398605	1.08348407501568	378
0.0762567447968701	-1.55092680183607	350
0.0312884908336399	0.933463460172035	378
-0.00815021724693299	-0.773152481070419	378
0.01137787187774	-0.67155562658467	350
0.09838932070325	-0.167821781321518	350
0.0441975798530101	0.202483622250675	378
0.12429037276406	1.55733626488395	378
0.0497632837870501	1.47048200946831	378
0.11976824634107	-1.44328134017792	350
0.09010730968612	1.24608526540571	378
0.11804926558914	2.34951997374479	378
0.09053456636488	0.975449121554462	378
0.10920968929964	-0.0868214371062415	350
0.05830461005364	1.79085619009251	378
0.06824578210307	2.19704519239222	378
0.0894127230439701	-0.220424428757799	378
0.06488651021037	-1.74328706956292	378
0.0399714923507	0.690394125191933	378
0.1112614299976	1.77498488237105	378
0.0840323247036601	0.44431752656963	378
-0.00243075692642303	-0.0280904167914002	378
0.02386093627301	-0.406323016295268	378
-0.0212940577631719	-0.239679846144007	378
0.04586221719342	0.975296610662294	378
0.0119840394922801	-1.62170008113559	378
0.0439428713843	-0.911681635387204	378
0.10493469563991	0.861238310564875	350
0.10006745870003	0.741463280391933	350
0.10803860783492	-0.495644689460868	350
0.07193506191313	-2.41643347169004	350
0.02050883990637	-1.97698586730823	108
0.10792073580714	-1.87985619732681	350
0.0766840456934701	-1.86424464982022	350
0.12474456741421	0.114891578206969	350
0.0994201296775701	-0.194182569026541	350
0.0408746268079501	1.24564437118234	108
0.0206578795396699	1.14100016408484	108
0.04006890607436	-2.14758799496287	108
0.0450234184870799	-0.786147774814264	108
-0.070961547529024	-0.357669577801488	108
0.0297590301492801	0.655251887911945	108
0.0812219947819299	-2.21598554228398	108
0.0335609807578601	0.608495094407978	108
0.06475134287331	-2.12675352474546	108
0.08253985198999	-0.58409470138022	108
0.0941840481776199	-1.76336065557181	108
0.0845697420973199	-2.43390753918004	429
0.04167765374592	-0.913378128410088	429
0.1109417374246	2.49866192255393	429
0.0589378812827299	-1.45619709626757	429
0.0567172948858199	-0.0510708668860822	429
0.11060423039674	-1.28995190699547	429
0.10741655254845	-2.47170418308833	429
0.0374809200991599	-2.46187266902586	429
0.0381816485634201	1.199724227758	429
0.0572601387057201	-1.22843185490908	429
0.0627607143101301	-1.80605975825316	429
0.00757338318428991	1.87416091612942	429
0.0888273362008101	0.848464061335559	429
0.0825854245661699	1.42249358002514	429
0.0794904010148401	-2.08265253883939	429
0.0850317112971499	-2.30463105580008	429
0.11730429954003	-0.565952945586208	429
0.00294936184264993	-1.59009828440894	429
0.09045378758448	0.516712490089979	174
0.02155161959397	-1.04470850335639	379
0.0582036133441599	1.69756035054647	379
0.09531796307587	-1.80142265241649	379
-0.00497342005939405	1.5011115777635	379
0.1241634852831	-1.00385586810301	379
0.05936781564329	-2.40790708889088	379
0.04004136570818	-0.552968656972045	379
0.0592026033758799	-2.41244271769207	379
0.0764409444769201	2.12012004235999	379
0.0599568301420801	1.05166110438335	379
-0.025981314646493	-0.852986937554558	379
0.0406771306876199	0.697016180869998	379
0.0816107694241499	2.19224462671114	379
0.0837976524083801	-1.37470530686186	379
0.10703334488485	0.481679763284703	379
0.11524377087098	-0.670570746079598	379
0.08259638816918	-0.744625575279994	379
0.06757499534312	0.912754429933155	379
0.0810715141898499	1.58520001017736	379
0.10267038909253	0.738986980081592	379
