x	y
-1.32017948100155	62.2522111663282
-1.13791225748609	92.5387678468954
-1.16725243894538	76.0051182727026
-1.22072724879467	63.6232756923981
-1.15029527716919	57.3362833587816
-1.18366341361259	49.0691634028832
-1.17027912756653	99.335381289978
-1.16904788599932	81.4291520670199
-1.16458593982645	67.0107158668966
-1.14586667518097	47.326735973723
-1.18733536871901	104.796935456989
-1.21486477994622	91.4243197612147
-1.24497622060846	56.9927009710115
-1.21225122379285	110.690906644298
-1.18231347086255	67.9135034044203
-1.19058961777146	101.705683575093
-1.23449473911131	70.0067904734368
-1.23714382226186	111.009684764323
-1.15524834229097	77.740353160841
-1.21463475103045	66.0168465217063
-1.20381617859705	105.981391471692
-1.17688433731532	77.0264815606839
-1.2377969218894	111.536487537135
-1.20035623771897	76.8638327532513
-1.27564326583993	124.129689380692
-1.26300194266204	86.2438741525564
-1.22970451039397	116.648444094047
-1.22413579318682	102.312914087972
-1.23669302718931	120.327519711307
