group	fill	clickSelects
2	#CD1076	477
3	#CD1076	378
4	#DA518C	36
5	#DA518C	36
6	#DA518C	36
7	#DA518C	36
8	#DA518C	36
9	#DA518C	36
10	#DA518C	36
11	#DA518C	36
12	#DA518C	36
13	#DA518C	36
14	#CD1076	378
15	#DA518C	36
16	#EE97B7	137
17	#EE97B7	137
18	#EE97B7	137
19	#EE97B7	137
20	#EE97B7	137
21	#EE97B7	137
22	#EE97B7	137
23	#EE97B7	137
24	#EE97B7	137
25	#CD1176	350
26	#EE97B7	137
27	#EE97B7	137
28	#EE97B7	137
29	#EE97B7	137
30	#EE97B7	137
31	#EE97B7	137
32	#EE97B7	137
33	#EE97B7	137
34	#EE97B7	137
35	#EE97B7	137
36	#CD1176	350
37	#EE97B7	137
38	#EE97B7	137
39	#EE97B7	137
40	#EE97B7	137
41	#EE97B7	137
42	#EE97B7	137
43	#EE97B7	137
44	#EE97B7	137
45	#F4B3C9	72
46	#CD1176	350
47	#CD1176	350
48	#D43781	236
49	#D43781	236
50	#DA518C	36
52	#CD1076	477
53	#CD1076	378
54	#DA518C	36
55	#DA518C	36
56	#DA518C	36
57	#DA518C	36
58	#DA518C	36
59	#DA518C	36
60	#DA518C	36
61	#DA518C	36
62	#DA518C	36
63	#DA518C	36
64	#CD1076	378
65	#DA518C	36
66	#EE97B7	137
67	#EE97B7	137
68	#EE97B7	137
69	#EE97B7	137
70	#EE97B7	137
71	#EE97B7	137
72	#EE97B7	137
73	#EE97B7	137
74	#EE97B7	137
75	#CD1176	350
76	#EE97B7	137
77	#EE97B7	137
78	#EE97B7	137
79	#EE97B7	137
80	#EE97B7	137
81	#EE97B7	137
82	#EE97B7	137
83	#EE97B7	137
84	#EE97B7	137
85	#EE97B7	137
86	#CD1176	350
87	#EE97B7	137
88	#EE97B7	137
89	#EE97B7	137
90	#EE97B7	137
91	#EE97B7	137
92	#EE97B7	137
93	#EE97B7	137
94	#EE97B7	137
95	#EE97B7	137
96	#F4B3C9	72
97	#CD1176	350
98	#CD1176	350
99	#D43781	236
100	#DA518C	36
101	#DA518C	36
103	#CD1076	477
104	#CD1076	378
105	#DA518C	36
106	#DA518C	36
107	#DA518C	36
108	#DA518C	36
109	#DA518C	36
110	#DA518C	36
111	#DA518C	36
112	#DA518C	36
113	#DA518C	36
114	#DA518C	36
115	#CD1176	350
116	#DA518C	36
117	#EE97B7	137
118	#EE97B7	137
119	#EE97B7	137
120	#EE97B7	137
121	#EE97B7	137
122	#EE97B7	137
123	#EE97B7	137
124	#EE97B7	137
125	#EE97B7	137
126	#CD1176	350
127	#EE97B7	137
128	#EE97B7	137
129	#EE97B7	137
130	#EE97B7	137
131	#EE97B7	137
132	#EE97B7	137
133	#EE97B7	137
134	#EE97B7	137
135	#EE97B7	137
136	#EE97B7	137
137	#CD1176	350
138	#EE97B7	137
139	#EE97B7	137
140	#EE97B7	137
141	#EE97B7	137
142	#EE97B7	137
143	#EE97B7	137
144	#EE97B7	137
145	#EE97B7	137
146	#F4B3C9	72
147	#CD1176	350
148	#D43781	236
149	#DA518C	36
150	#DA518C	36
151	#DA518C	36
153	#CD1076	477
154	#CD1076	477
155	#DA518C	36
156	#DA518C	36
157	#DA518C	36
158	#DA518C	36
159	#DA518C	36
160	#DA518C	36
161	#DA518C	36
162	#DA518C	36
163	#EE97B7	137
164	#EE97B7	137
165	#CD1076	119
166	#DA518C	36
167	#EE97B7	137
168	#EE97B7	137
169	#EE97B7	137
170	#EE97B7	137
171	#EE97B7	137
172	#EE97B7	137
173	#EE97B7	137
174	#EE97B7	137
175	#EE97B7	137
176	#CD1076	119
177	#EE97B7	137
178	#EE97B7	137
179	#EE97B7	137
180	#EE97B7	137
181	#EE97B7	137
182	#EE97B7	137
183	#EE97B7	137
184	#EE97B7	137
185	#EE97B7	137
186	#EE97B7	137
187	#CD1176	350
188	#EE97B7	137
189	#EE97B7	137
190	#F4B3C9	72
191	#F4B3C9	72
192	#F4B3C9	72
193	#F4B3C9	72
194	#F4B3C9	72
195	#F4B3C9	72
196	#F4B3C9	72
197	#F4B3C9	72
198	#CD1176	350
199	#CD1176	350
200	#CD1176	350
201	#CD1176	350
202	#DA518C	36
204	#CD1076	477
205	#CD1076	119
206	#DA518C	36
207	#DA518C	36
208	#DA518C	36
209	#DA518C	36
210	#DA518C	36
211	#DA518C	36
212	#DA518C	36
213	#DA518C	36
214	#EE97B7	137
215	#DA518C	36
216	#CD1076	119
217	#EE97B7	137
218	#EE97B7	137
219	#EE97B7	137
220	#EE97B7	137
221	#EE97B7	137
222	#EE97B7	137
223	#EE97B7	137
224	#EE97B7	137
225	#EE97B7	137
226	#EE97B7	137
227	#CD1176	350
228	#EE97B7	137
229	#EE97B7	137
230	#EE97B7	137
231	#EE97B7	137
232	#EE97B7	137
233	#EE97B7	137
234	#EE97B7	137
235	#EE97B7	137
236	#EE97B7	137
237	#F4B3C9	72
238	#CD1176	350
239	#EE97B7	137
240	#EE97B7	137
241	#F4B3C9	72
242	#F4B3C9	72
243	#F4B3C9	72
244	#F4B3C9	72
245	#F4B3C9	72
246	#F4B3C9	72
247	#F4B3C9	72
248	#CD1176	350
249	#CD1176	350
250	#CD1176	350
251	#DA518C	36
252	#DA518C	36
254	#CD1076	477
255	#CD1076	119
256	#DA518C	36
257	#DA518C	36
258	#DA518C	36
259	#DA518C	36
260	#DA518C	36
261	#DA518C	36
262	#DA518C	36
263	#DA518C	36
264	#EE97B7	137
265	#DA518C	36
266	#CD1076	119
267	#EE97B7	137
268	#EE97B7	137
269	#EE97B7	137
270	#EE97B7	137
271	#EE97B7	137
272	#EE97B7	137
273	#EE97B7	137
274	#EE97B7	137
275	#EE97B7	137
276	#EE97B7	137
277	#CD1176	350
278	#EE97B7	137
279	#EE97B7	137
280	#EE97B7	137
281	#EE97B7	137
282	#EE97B7	137
283	#EE97B7	137
284	#EE97B7	137
285	#EE97B7	137
286	#EE97B7	137
287	#F4B3C9	72
288	#CD1176	350
289	#F4B3C9	72
290	#EE97B7	137
291	#EE97B7	137
292	#EE97B7	137
293	#F4B3C9	72
294	#F4B3C9	72
295	#F4B3C9	72
296	#F4B3C9	72
297	#F4B3C9	72
298	#F4B3C9	72
299	#CD1176	350
300	#CD1176	350
301	#CD1176	350
302	#CD1176	350
303	#CD1176	350
305	#CD1076	477
306	#CD1076	119
307	#CD1176	350
308	#DA518C	36
309	#DA518C	36
310	#DA518C	36
311	#DA518C	36
312	#DA518C	36
313	#DA518C	36
314	#DA518C	36
315	#DA518C	36
316	#EE97B7	137
317	#CD1076	119
318	#EE97B7	137
319	#EE97B7	137
320	#EE97B7	137
321	#EE97B7	137
322	#EE97B7	137
323	#EE97B7	137
324	#EE97B7	137
325	#EE97B7	137
326	#EE97B7	137
327	#EE97B7	137
328	#CD1176	350
329	#EE97B7	137
330	#EE97B7	137
331	#EE97B7	137
332	#EE97B7	137
333	#EE97B7	137
334	#EE97B7	137
335	#EE97B7	137
336	#EE97B7	137
337	#F4B3C9	72
338	#F4B3C9	72
339	#CD1176	350
340	#F4B3C9	72
341	#EE97B7	137
342	#EE97B7	137
343	#F4B3C9	72
344	#F4B3C9	72
345	#F4B3C9	72
346	#F4B3C9	72
347	#F4B3C9	72
348	#F4B3C9	72
349	#CD1176	350
350	#CD1176	350
351	#CD1176	350
352	#CD1176	350
353	#DA518C	36
355	#CD1076	477
356	#CD1076	119
357	#CD1176	350
358	#DA518C	36
359	#DA518C	36
360	#DA518C	36
361	#DA518C	36
362	#DA518C	36
363	#DA518C	36
364	#DA518C	36
365	#DA518C	36
366	#EE97B7	137
367	#CD1076	119
368	#EE97B7	137
369	#EE97B7	137
370	#EE97B7	137
371	#EE97B7	137
372	#EE97B7	137
373	#EE97B7	137
374	#EE97B7	137
375	#EE97B7	137
376	#EE97B7	137
377	#EE97B7	137
378	#CD1176	350
379	#EE97B7	137
380	#EE97B7	137
381	#EE97B7	137
382	#EE97B7	137
383	#EE97B7	137
384	#EE97B7	137
385	#EE97B7	137
386	#EE97B7	137
387	#F4B3C9	72
388	#F4B3C9	72
389	#CD1176	350
390	#F4B3C9	72
391	#F4B3C9	72
392	#EE97B7	137
393	#EE97B7	137
394	#F4B3C9	72
395	#EE97B7	137
396	#EE97B7	137
397	#F4B3C9	72
398	#F4B3C9	72
399	#EE97B7	137
400	#CD1176	350
401	#CD1176	350
402	#CD1176	350
403	#CD1176	350
404	#CD1176	350
406	#CD1076	477
407	#CD1076	119
408	#DA518C	36
409	#CD1176	350
410	#DA518C	36
411	#DA518C	36
412	#DA518C	36
413	#DA518C	36
414	#DA518C	36
415	#DA518C	36
416	#EE97B7	137
417	#EE97B7	137
418	#CD1176	350
419	#EE97B7	137
420	#EE97B7	137
421	#EE97B7	137
422	#EE97B7	137
423	#EE97B7	137
424	#EE97B7	137
425	#EE97B7	137
426	#EE97B7	137
427	#EE97B7	137
428	#EE97B7	137
429	#CD1176	350
430	#EE97B7	137
431	#EE97B7	137
432	#EE97B7	137
433	#EE97B7	137
434	#EE97B7	137
435	#EE97B7	137
436	#EE97B7	137
437	#F4B3C9	72
438	#F4B3C9	72
439	#F4B3C9	72
440	#CD1176	350
441	#F4B3C9	72
442	#F4B3C9	72
443	#EE97B7	137
444	#EE97B7	137
445	#EE97B7	137
446	#EE97B7	137
447	#EE97B7	137
448	#F4B3C9	72
449	#EE97B7	137
450	#CD1176	350
451	#CD1176	350
452	#CD1176	350
453	#CD1176	350
454	#CD1176	350
456	#CD1076	477
457	#CD1076	119
458	#CD1176	350
459	#CD1176	350
460	#DA518C	36
461	#DA518C	36
462	#DA518C	36
463	#DA518C	36
464	#DA518C	36
465	#DA518C	36
466	#DA518C	36
467	#DA518C	36
468	#CD1076	197
469	#EE97B7	137
470	#EE97B7	137
471	#EE97B7	137
472	#EE97B7	137
473	#EE97B7	137
474	#EE97B7	137
475	#EE97B7	137
476	#EE97B7	137
477	#EE97B7	137
478	#EE97B7	137
479	#CD1176	350
480	#EE97B7	137
481	#EE97B7	137
482	#EE97B7	137
483	#EE97B7	137
484	#EE97B7	137
485	#EE97B7	137
486	#EE97B7	137
487	#F4B3C9	72
488	#F4B3C9	72
489	#F4B3C9	72
490	#CD1176	350
491	#F4B3C9	72
492	#F4B3C9	72
493	#F4B3C9	72
494	#EE97B7	137
495	#EE97B7	137
496	#EE97B7	137
497	#EE97B7	137
498	#EE97B7	137
499	#EE97B7	137
500	#F4B3C9	72
501	#CD1176	350
502	#CD1176	350
503	#CD1176	350
504	#CD1176	350
505	#CD1176	350
507	#CD1076	119
508	#CD1076	119
509	#CD1176	350
510	#DA518C	36
511	#DA518C	36
512	#DA518C	36
513	#DA518C	36
514	#DA518C	36
515	#DA518C	36
516	#DA518C	36
517	#DA518C	36
518	#DA518C	36
519	#CD1076	197
520	#EE97B7	137
521	#EE97B7	137
522	#EE97B7	137
523	#EE97B7	137
524	#EE97B7	137
525	#EE97B7	137
526	#EE97B7	137
527	#EE97B7	137
528	#EE97B7	137
529	#EE97B7	137
530	#CD1176	350
531	#EE97B7	137
532	#EE97B7	137
533	#EE97B7	137
534	#EE97B7	137
535	#EE97B7	137
536	#EE97B7	137
537	#F4B3C9	72
538	#F4B3C9	72
539	#F4B3C9	72
540	#F4B3C9	72
541	#CD1176	350
542	#F4B3C9	72
543	#F4B3C9	72
544	#F4B3C9	72
545	#EE97B7	137
546	#EE97B7	137
547	#EE97B7	137
548	#EE97B7	137
549	#EE97B7	137
550	#EE97B7	137
551	#CD1176	350
552	#CD1176	350
553	#CD1176	350
554	#CD1176	350
555	#CD1176	350
557	#CD1076	237
558	#CD1076	119
559	#CD1176	350
560	#CD1176	350
561	#DA518C	36
562	#DA518C	36
563	#DA518C	36
564	#DA518C	36
565	#DA518C	36
566	#DA518C	36
567	#DA518C	36
568	#DA518C	36
569	#CD1076	119
570	#DA518C	36
571	#EE97B7	137
572	#EE97B7	137
573	#EE97B7	137
574	#EE97B7	137
575	#EE97B7	137
576	#EE97B7	137
577	#EE97B7	137
578	#EE97B7	137
579	#EE97B7	137
580	#CD1076	197
581	#EE97B7	137
582	#EE97B7	137
583	#EE97B7	137
584	#EE97B7	137
585	#EE97B7	137
586	#EE97B7	137
587	#F4B3C9	72
588	#F4B3C9	72
589	#F4B3C9	72
590	#F4B3C9	72
591	#CD1176	350
592	#F4B3C9	72
593	#F4B3C9	72
594	#F4B3C9	72
595	#F4B3C9	72
596	#EE97B7	137
597	#EE97B7	137
598	#EE97B7	137
599	#EE97B7	137
600	#EE97B7	137
601	#F4B3C9	72
602	#CD1076	197
603	#CD1176	350
604	#CD1176	350
605	#CD1176	350
606	#CD1176	350
608	#CD1076	237
609	#CD1076	119
610	#CD1176	350
611	#DA518C	36
612	#DA518C	36
613	#DA518C	36
614	#DA518C	36
615	#DA518C	36
616	#DA518C	36
617	#DA518C	36
618	#DA518C	36
619	#DA518C	36
620	#CD1076	119
621	#DA518C	36
622	#EE97B7	137
623	#EE97B7	137
624	#EE97B7	137
625	#EE97B7	137
626	#EE97B7	137
627	#EE97B7	137
628	#EE97B7	137
629	#EE97B7	137
630	#EE97B7	137
631	#CD1076	197
632	#EE97B7	137
633	#EE97B7	137
634	#EE97B7	137
635	#EE97B7	137
636	#EE97B7	137
637	#F4B3C9	72
638	#F4B3C9	72
639	#F4B3C9	72
640	#F4B3C9	72
641	#F4B3C9	72
642	#CD1076	197
643	#F4B3C9	72
644	#F4B3C9	72
645	#F4B3C9	72
646	#EE97B7	137
647	#F4B3C9	72
648	#EE97B7	137
649	#F4B3C9	72
650	#EE97B7	137
651	#F4B3C9	72
652	#CD1076	197
653	#CD1176	350
654	#CD1176	350
655	#CD1176	350
656	#CD1176	350
658	#CD1076	237
659	#CD1076	119
660	#CD1176	350
661	#DA518C	36
662	#DA518C	36
663	#DA518C	36
664	#DA518C	36
665	#DA518C	36
666	#DA518C	36
667	#DA518C	36
668	#DA518C	36
669	#DA518C	36
670	#CD1076	119
671	#DA518C	36
672	#EE97B7	137
673	#EE97B7	137
674	#EE97B7	137
675	#EE97B7	137
676	#EE97B7	137
677	#EE97B7	137
678	#EE97B7	137
679	#EE97B7	137
680	#EE97B7	137
681	#CD1076	119
682	#EE97B7	137
683	#EE97B7	137
684	#EE97B7	137
685	#EE97B7	137
686	#EE97B7	137
687	#F4B3C9	72
688	#F4B3C9	72
689	#F4B3C9	72
690	#F4B3C9	72
691	#F4B3C9	72
692	#CD1076	197
693	#F4B3C9	72
694	#F4B3C9	72
695	#F4B3C9	72
696	#EE97B7	137
697	#EE97B7	137
698	#F4B3C9	72
699	#F4B3C9	72
700	#EE97B7	137
701	#EE97B7	137
702	#EE97B7	137
703	#CD1076	197
704	#CD1076	197
705	#CD1176	350
706	#CD1176	350
707	#CD1176	350
709	#CD1076	237
710	#CD1076	119
711	#DA518C	36
712	#DA518C	36
713	#DA518C	36
714	#DA518C	36
715	#DA518C	36
716	#DA518C	36
717	#DA518C	36
718	#DA518C	36
719	#DA518C	36
720	#DA518C	36
721	#CD1076	119
722	#DA518C	36
723	#EE97B7	137
724	#EE97B7	137
725	#EE97B7	137
726	#EE97B7	137
727	#EE97B7	137
728	#EE97B7	137
729	#EE97B7	137
730	#EE97B7	137
731	#EE97B7	137
732	#CD1076	119
733	#EE97B7	137
734	#EE97B7	137
735	#EE97B7	137
736	#EE97B7	137
737	#EE97B7	137
738	#F4B3C9	72
739	#F4B3C9	72
740	#F4B3C9	72
741	#F4B3C9	72
742	#F4B3C9	72
743	#CD1076	197
744	#F4B3C9	72
745	#F4B3C9	72
746	#EE97B7	137
747	#EE97B7	137
748	#EE97B7	137
749	#F4B3C9	72
750	#F4B3C9	72
751	#F4B3C9	72
752	#EE97B7	137
753	#CD1076	197
754	#CD1176	350
755	#CD1176	350
756	#CD1176	350
757	#CD1176	350
759	#CD1076	237
760	#CD1076	119
761	#DA518C	36
762	#DA518C	36
763	#DA518C	36
764	#DA518C	36
765	#DA518C	36
766	#DA518C	36
767	#DA518C	36
768	#DA518C	36
769	#DA518C	36
770	#DA518C	36
771	#CD1076	119
772	#DA518C	36
773	#DA518C	36
774	#EE97B7	137
775	#EE97B7	137
776	#EE97B7	137
777	#EE97B7	137
778	#EE97B7	137
779	#EE97B7	137
780	#EE97B7	137
781	#EE97B7	137
782	#CD1076	119
783	#EE97B7	137
784	#EE97B7	137
785	#EE97B7	137
786	#EE97B7	137
787	#EE97B7	137
788	#EE97B7	137
789	#F4B3C9	72
790	#F4B3C9	72
791	#F4B3C9	72
792	#F4B3C9	72
793	#CD1076	119
794	#F4B3C9	72
795	#EE97B7	137
796	#EE97B7	137
797	#EE97B7	137
798	#EE97B7	137
799	#EE97B7	137
800	#F4B3C9	72
801	#F4B3C9	72
802	#F4B3C9	72
803	#F4B3C9	72
804	#CD1076	197
805	#CD1176	350
806	#CD1176	350
807	#CD1176	350
808	#CD1176	350
810	#CD1076	237
811	#CD1076	119
812	#DA518C	36
813	#DA518C	36
814	#DA518C	36
815	#DA518C	36
816	#DA518C	36
817	#DA518C	36
818	#DA518C	36
819	#DA518C	36
820	#DA518C	36
821	#DA518C	36
822	#CD1076	119
823	#EE97B7	137
824	#EE97B7	137
825	#EE97B7	137
826	#EE97B7	137
827	#EE97B7	137
828	#EE97B7	137
829	#EE97B7	137
830	#EE97B7	137
831	#EE97B7	137
832	#EE97B7	137
833	#CD1076	119
834	#EE97B7	137
835	#EE97B7	137
836	#EE97B7	137
837	#EE97B7	137
838	#EE97B7	137
839	#EE97B7	137
840	#F4B3C9	72
841	#F4B3C9	72
842	#F4B3C9	72
843	#F4B3C9	72
844	#CD1076	197
845	#F4B3C9	72
846	#EE97B7	137
847	#EE97B7	137
848	#EE97B7	137
849	#EE97B7	137
850	#EE97B7	137
851	#F4B3C9	72
852	#F4B3C9	72
853	#F4B3C9	72
854	#CD1176	350
855	#CD1176	350
856	#CD1176	350
857	#CD1176	350
858	#DA518C	36
860	#CD1076	237
861	#CD1076	119
862	#DA518C	36
863	#DA518C	36
864	#DA518C	36
865	#DA518C	36
866	#DA518C	36
867	#DA518C	36
868	#DA518C	36
869	#DA518C	36
870	#DA518C	36
871	#DA518C	36
872	#CD1076	119
873	#DA518C	36
874	#EE97B7	137
875	#EE97B7	137
876	#EE97B7	137
877	#EE97B7	137
878	#EE97B7	137
879	#EE97B7	137
880	#EE97B7	137
881	#EE97B7	137
882	#EE97B7	137
883	#CD1076	119
884	#EE97B7	137
885	#EE97B7	137
886	#EE97B7	137
887	#EE97B7	137
888	#EE97B7	137
889	#EE97B7	137
890	#EE97B7	137
891	#F4B3C9	72
892	#F4B3C9	72
893	#F4B3C9	72
894	#CD1076	197
895	#F4B3C9	72
896	#EE97B7	137
897	#EE97B7	137
898	#EE97B7	137
899	#EE97B7	137
900	#EE97B7	137
901	#EE97B7	137
902	#F4B3C9	72
903	#F4B3C9	72
904	#F4B3C9	72
905	#CD1076	197
906	#CD1176	350
907	#DA518C	36
908	#DA518C	36
909	#DA518C	36
911	#CD1076	237
912	#CD1076	119
913	#DA518C	36
914	#DA518C	36
915	#DA518C	36
916	#DA518C	36
917	#DA518C	36
918	#DA518C	36
919	#DA518C	36
920	#DA518C	36
921	#DA518C	36
922	#DA518C	36
923	#CD1076	119
924	#EE97B7	137
925	#EE97B7	137
926	#EE97B7	137
927	#EE97B7	137
928	#EE97B7	137
929	#EE97B7	137
930	#EE97B7	137
931	#EE97B7	137
932	#EE97B7	137
933	#EE97B7	137
934	#CD1076	197
935	#EE97B7	137
936	#EE97B7	137
937	#EE97B7	137
938	#EE97B7	137
939	#EE97B7	137
940	#EE97B7	137
941	#EE97B7	137
942	#F4B3C9	72
943	#F4B3C9	72
944	#F4B3C9	72
945	#CD1076	197
946	#F4B3C9	72
947	#EE97B7	137
948	#EE97B7	137
949	#EE97B7	137
950	#EE97B7	137
951	#EE97B7	137
952	#EE97B7	137
953	#F4B3C9	72
954	#F4B3C9	72
955	#CD1076	197
956	#CD1176	350
957	#DA518C	36
958	#DA518C	36
959	#DA518C	36
961	#CD1076	237
962	#CD1076	119
963	#DA518C	36
964	#DA518C	36
965	#DA518C	36
966	#DA518C	36
967	#DA518C	36
968	#DA518C	36
969	#DA518C	36
970	#DA518C	36
971	#DA518C	36
972	#DA518C	36
973	#CD1076	119
974	#EE97B7	137
975	#EE97B7	137
976	#EE97B7	137
977	#EE97B7	137
978	#EE97B7	137
979	#EE97B7	137
980	#EE97B7	137
981	#EE97B7	137
982	#EE97B7	137
983	#EE97B7	137
984	#CD1076	197
985	#EE97B7	137
986	#EE97B7	137
987	#EE97B7	137
988	#EE97B7	137
989	#EE97B7	137
990	#EE97B7	137
991	#EE97B7	137
992	#EE97B7	137
993	#F4B3C9	72
994	#F4B3C9	72
995	#CD1076	197
996	#EE97B7	137
997	#F4B3C9	72
998	#F4B3C9	72
999	#EE97B7	137
1000	#EE97B7	137
1001	#EE97B7	137
1002	#EE97B7	137
1003	#F4B3C9	72
1004	#F4B3C9	72
1005	#F4B3C9	72
1006	#CD1076	197
1007	#CD1076	197
1008	#DA518C	36
1009	#DA518C	36
1010	#DA518C	36
1012	#CD1076	237
1013	#CD1076	119
1014	#DA518C	36
1015	#DA518C	36
1016	#DA518C	36
1017	#DA518C	36
1018	#DA518C	36
1019	#DA518C	36
1020	#DA518C	36
1021	#DA518C	36
1022	#DA518C	36
1023	#EE97B7	137
1024	#CD1076	197
1025	#EE97B7	137
1026	#EE97B7	137
1027	#EE97B7	137
1028	#EE97B7	137
1029	#EE97B7	137
1030	#EE97B7	137
1031	#EE97B7	137
1032	#EE97B7	137
1033	#EE97B7	137
1034	#EE97B7	137
1035	#CD1076	197
1036	#EE97B7	137
1037	#EE97B7	137
1038	#EE97B7	137
1039	#EE97B7	137
1040	#EE97B7	137
1041	#F4B3C9	72
1042	#F4B3C9	72
1043	#EE97B7	137
1044	#F4B3C9	72
1045	#EE97B7	137
1046	#CD1076	197
1047	#F4B3C9	72
1048	#F4B3C9	72
1049	#EE97B7	137
1050	#EE97B7	137
1051	#EE97B7	137
1052	#EE97B7	137
1053	#EE97B7	137
1054	#F4B3C9	72
1055	#F4B3C9	72
1056	#CD1076	197
1057	#D12D7D	394
1058	#DA518C	36
1059	#DA518C	36
1060	#DA518C	36
1062	#CD1076	237
1063	#CD1076	119
1064	#DA518C	36
1065	#DA518C	36
1066	#DA518C	36
1067	#DA518C	36
1068	#DA518C	36
1069	#DA518C	36
1070	#DA518C	36
1071	#DA518C	36
1072	#DA518C	36
1073	#DA518C	36
1074	#CD1076	197
1075	#EE97B7	137
1076	#EE97B7	137
1077	#EE97B7	137
1078	#EE97B7	137
1079	#EE97B7	137
1080	#EE97B7	137
1081	#EE97B7	137
1082	#EE97B7	137
1083	#EE97B7	137
1084	#EE97B7	137
1085	#CD1076	197
1086	#EE97B7	137
1087	#EE97B7	137
1088	#EE97B7	137
1089	#EE97B7	137
1090	#EE97B7	137
1091	#EE97B7	137
1092	#F4B3C9	72
1093	#EE97B7	137
1094	#EE97B7	137
1095	#EE97B7	137
1096	#CD1076	197
1097	#F4B3C9	72
1098	#F4B3C9	72
1099	#EE97B7	137
1100	#EE97B7	137
1101	#F4B3C9	72
1102	#F4B3C9	72
1103	#EE97B7	137
1104	#F4B3C9	72
1105	#F4B3C9	72
1106	#F4B3C9	72
1107	#CD1076	197
1108	#D12D7D	394
1109	#D12D7D	394
1110	#DA518C	36
1111	#DA518C	36
1113	#CD1076	237
1114	#CD1076	197
1115	#DA518C	36
1116	#DA518C	36
1117	#DA518C	36
1118	#DA518C	36
1119	#DA518C	36
1120	#DA518C	36
1121	#DA518C	36
1122	#DA518C	36
1123	#DA518C	36
1124	#EE97B7	137
1125	#CD1076	197
1126	#EE97B7	137
1127	#EE97B7	137
1128	#EE97B7	137
1129	#EE97B7	137
1130	#EE97B7	137
1131	#EE97B7	137
1132	#EE97B7	137
1133	#EE97B7	137
1134	#EE97B7	137
1135	#EE97B7	137
1136	#CD1076	197
1137	#EE97B7	137
1138	#EE97B7	137
1139	#EE97B7	137
1140	#EE97B7	137
1141	#EE97B7	137
1142	#EE97B7	137
1143	#F4B3C9	72
1144	#F4B3C9	72
1145	#EE97B7	137
1146	#F4B3C9	72
1147	#CD1076	197
1148	#F4B3C9	72
1149	#EE97B7	137
1150	#EE97B7	137
1151	#F4B3C9	72
1152	#F4B3C9	72
1153	#F4B3C9	72
1154	#F4B3C9	72
1155	#F4B3C9	72
1156	#F4B3C9	72
1157	#D12D7D	394
1158	#D12D7D	394
1159	#D12D7D	394
1160	#DA518C	36
1161	#DA518C	36
1163	#CD1076	477
1164	#CD1076	378
1165	#DA518C	36
1166	#DA518C	36
1167	#DA518C	36
1168	#DA518C	36
1169	#DA518C	36
1170	#DA518C	36
1171	#DA518C	36
1172	#DA518C	36
1173	#DA518C	36
1174	#DA518C	36
1175	#CD1076	378
1176	#DA518C	36
1177	#DA518C	36
1178	#EE97B7	137
1179	#EE97B7	137
1180	#EE97B7	137
1181	#EE97B7	137
1182	#EE97B7	137
1183	#EE97B7	137
1184	#EE97B7	137
1185	#EE97B7	137
1186	#CD1176	350
1187	#EE97B7	137
1188	#EE97B7	137
1189	#EE97B7	137
1190	#EE97B7	137
1191	#EE97B7	137
1192	#EE97B7	137
1193	#EE97B7	137
1194	#EE97B7	137
1195	#EE97B7	137
1196	#EE97B7	137
1197	#CD1176	350
1198	#EE97B7	137
1199	#EE97B7	137
1200	#EE97B7	137
1201	#EE97B7	137
1202	#EE97B7	137
1203	#EE97B7	137
1204	#EE97B7	137
1205	#EE97B7	137
1206	#F4B3C9	72
1207	#F4B3C9	72
1208	#CD1176	350
1209	#CD1176	350
1210	#DA518C	36
1211	#DA518C	36
1212	#DA518C	36
1214	#CD1076	477
1215	#CD1076	378
1216	#DA518C	36
1217	#DA518C	36
1218	#DA518C	36
1219	#DA518C	36
1220	#DA518C	36
1221	#DA518C	36
1222	#DA518C	36
1223	#DA518C	36
1224	#DA518C	36
1225	#DA518C	36
1226	#CD1076	378
1227	#DA518C	36
1228	#DA518C	36
1229	#EE97B7	137
1230	#EE97B7	137
1231	#EE97B7	137
1232	#EE97B7	137
1233	#EE97B7	137
1234	#EE97B7	137
1235	#EE97B7	137
1236	#EE97B7	137
1237	#CD1176	350
1238	#EE97B7	137
1239	#EE97B7	137
1240	#EE97B7	137
1241	#EE97B7	137
1242	#EE97B7	137
1243	#EE97B7	137
1244	#EE97B7	137
1245	#EE97B7	137
1246	#EE97B7	137
1247	#EE97B7	137
1248	#CD1176	350
1249	#EE97B7	137
1250	#EE97B7	137
1251	#EE97B7	137
1252	#EE97B7	137
1253	#EE97B7	137
1254	#EE97B7	137
1255	#EE97B7	137
1256	#F4B3C9	72
1257	#F4B3C9	72
1258	#CD1176	350
1259	#DA518C	36
1260	#DA518C	36
1261	#DA518C	36
1262	#DA518C	36
1264	#CD1076	237
1265	#CD1076	237
1266	#DA518C	36
1267	#DA518C	36
1268	#DA518C	36
1269	#DA518C	36
1270	#DA518C	36
1271	#DA518C	36
1272	#DA518C	36
1273	#DA518C	36
1274	#DA518C	36
1275	#EE97B7	137
1276	#CD1076	197
1277	#EE97B7	137
1278	#EE97B7	137
1279	#EE97B7	137
1280	#EE97B7	137
1281	#EE97B7	137
1282	#EE97B7	137
1283	#EE97B7	137
1284	#EE97B7	137
1285	#EE97B7	137
1286	#EE97B7	137
1287	#CD1076	197
1288	#EE97B7	137
1289	#EE97B7	137
1290	#EE97B7	137
1291	#EE97B7	137
1292	#EE97B7	137
1293	#EE97B7	137
1294	#EE97B7	137
1295	#F4B3C9	72
1296	#F4B3C9	72
1297	#EE97B7	137
1298	#CD1076	197
1299	#F4B3C9	72
1300	#EE97B7	137
1301	#F4B3C9	72
1302	#F4B3C9	72
1303	#F4B3C9	72
1304	#F4B3C9	72
1305	#F4B3C9	72
1306	#F4B3C9	72
1307	#F4B3C9	72
1308	#F4B3C9	72
1309	#CD1076	197
1310	#D12D7D	394
1311	#D12D7D	394
1312	#D12D7D	394
1313	#DA518C	36
1315	#CD1076	237
1316	#CD1076	197
1317	#DA518C	36
1318	#DA518C	36
1319	#DA518C	36
1320	#DA518C	36
1321	#DA518C	36
1322	#DA518C	36
1323	#DA518C	36
1324	#DA518C	36
1325	#EE97B7	137
1326	#EE97B7	137
1327	#CD1076	197
1328	#EE97B7	137
1329	#EE97B7	137
1330	#EE97B7	137
1331	#EE97B7	137
1332	#EE97B7	137
1333	#EE97B7	137
1334	#EE97B7	137
1335	#EE97B7	137
1336	#EE97B7	137
1337	#EE97B7	137
1338	#CD1076	197
1339	#EE97B7	137
1340	#EE97B7	137
1341	#EE97B7	137
1342	#EE97B7	137
1343	#EE97B7	137
1344	#EE97B7	137
1345	#EE97B7	137
1346	#F4B3C9	72
1347	#F4B3C9	72
1348	#F4B3C9	72
1349	#CD1076	197
1350	#F4B3C9	72
1351	#F4B3C9	72
1352	#F4B3C9	72
1353	#F4B3C9	72
1354	#F4B3C9	72
1355	#F4B3C9	72
1356	#F4B3C9	72
1357	#F4B3C9	72
1358	#F4B3C9	72
1359	#D12D7D	394
1360	#D12D7D	394
1361	#D12D7D	394
1362	#D12D7D	394
1363	#DA518C	36
1365	#CD1076	237
1366	#CD1076	237
1367	#DA518C	36
1368	#DA518C	36
1369	#DA518C	36
1370	#DA518C	36
1371	#DA518C	36
1372	#DA518C	36
1373	#DA518C	36
1374	#DA518C	36
1375	#DA518C	36
1376	#EE97B7	137
1377	#CD1076	197
1378	#EE97B7	137
1379	#EE97B7	137
1380	#EE97B7	137
1381	#EE97B7	137
1382	#EE97B7	137
1383	#EE97B7	137
1384	#EE97B7	137
1385	#EE97B7	137
1386	#EE97B7	137
1387	#EE97B7	137
1388	#CD1076	197
1389	#EE97B7	137
1390	#EE97B7	137
1391	#EE97B7	137
1392	#EE97B7	137
1393	#EE97B7	137
1394	#EE97B7	137
1395	#EE97B7	137
1396	#EE97B7	137
1397	#F4B3C9	72
1398	#F4B3C9	72
1399	#CD1076	197
1400	#F4B3C9	72
1401	#F4B3C9	72
1402	#F4B3C9	72
1403	#F4B3C9	72
1404	#F4B3C9	72
1405	#F4B3C9	72
1406	#F4B3C9	72
1407	#F4B3C9	72
1408	#F4B3C9	72
1409	#F4B3C9	72
1410	#D12D7D	394
1411	#D12D7D	394
1412	#D12D7D	394
1413	#D12D7D	394
1414	#DA518C	36
1416	#CD1076	237
1417	#CD1076	237
1418	#DA518C	36
1419	#DA518C	36
1420	#DA518C	36
1421	#DA518C	36
1422	#DA518C	36
1423	#DA518C	36
1424	#DA518C	36
1425	#DA518C	36
1426	#EE97B7	137
1427	#EE97B7	137
1428	#CD1076	197
1429	#EE97B7	137
1430	#EE97B7	137
1431	#EE97B7	137
1432	#EE97B7	137
1433	#EE97B7	137
1434	#EE97B7	137
1435	#EE97B7	137
1436	#EE97B7	137
1437	#EE97B7	137
1438	#EE97B7	137
1439	#CD1076	197
1440	#EE97B7	137
1441	#EE97B7	137
1442	#EE97B7	137
1443	#EE97B7	137
1444	#EE97B7	137
1445	#EE97B7	137
1446	#EE97B7	137
1447	#EE97B7	137
1448	#F4B3C9	72
1449	#F4B3C9	72
1450	#D12D7D	394
1451	#F4B3C9	72
1452	#F4B3C9	72
1453	#F4B3C9	72
1454	#F4B3C9	72
1455	#F4B3C9	72
1456	#F4B3C9	72
1457	#F4B3C9	72
1458	#F4B3C9	72
1459	#F4B3C9	72
1460	#D12D7D	394
1461	#D12D7D	394
1462	#D12D7D	394
1463	#D12D7D	394
1464	#DA518C	36
1466	#CD1076	237
1467	#CD1076	237
1468	#DA518C	36
1469	#DA518C	36
1470	#DA518C	36
1471	#DA518C	36
1472	#DA518C	36
1473	#DA518C	36
1474	#DA518C	36
1475	#DA518C	36
1476	#DA518C	36
1477	#DA518C	36
1478	#CD1076	237
1479	#EE97B7	137
1480	#EE97B7	137
1481	#EE97B7	137
1482	#EE97B7	137
1483	#EE97B7	137
1484	#EE97B7	137
1485	#EE97B7	137
1486	#EE97B7	137
1487	#EE97B7	137
1488	#EE97B7	137
1489	#CD1076	197
1490	#EE97B7	137
1491	#EE97B7	137
1492	#EE97B7	137
1493	#EE97B7	137
1494	#EE97B7	137
1495	#EE97B7	137
1496	#EE97B7	137
1497	#EE97B7	137
1498	#EE97B7	137
1499	#F4B3C9	72
1500	#D12D7D	394
1501	#F4B3C9	72
1502	#F4B3C9	72
1503	#F4B3C9	72
1504	#F4B3C9	72
1505	#F4B3C9	72
1506	#F4B3C9	72
1507	#F4B3C9	72
1508	#F4B3C9	72
1509	#F4B3C9	72
1510	#F4B3C9	72
1511	#D12D7D	394
1512	#D12D7D	394
1513	#D12D7D	394
1514	#D12D7D	394
1515	#DA518C	36
1517	#CD1076	237
1518	#CD1076	237
1519	#DA518C	36
1520	#DA518C	36
1521	#DA518C	36
1522	#DA518C	36
1523	#DA518C	36
1524	#DA518C	36
1525	#DA518C	36
1526	#DA518C	36
1527	#DA518C	36
1528	#DA518C	36
1529	#CD1076	197
1530	#DA518C	36
1531	#EE97B7	137
1532	#EE97B7	137
1533	#EE97B7	137
1534	#EE97B7	137
1535	#EE97B7	137
1536	#DA518C	36
1537	#DA518C	36
1538	#EE97B7	137
1539	#EE97B7	137
1540	#D12D7D	394
1541	#EE97B7	137
1542	#EE97B7	137
1543	#EE97B7	137
1544	#EE97B7	137
1545	#EE97B7	137
1546	#EE97B7	137
1547	#EE97B7	137
1548	#EE97B7	137
1549	#F4B3C9	72
1550	#F4B3C9	72
1551	#D12D7D	394
1552	#F4B3C9	72
1553	#F4B3C9	72
1554	#F4B3C9	72
1555	#F4B3C9	72
1556	#F4B3C9	72
1557	#F4B3C9	72
1558	#F4B3C9	72
1559	#F4B3C9	72
1560	#F4B3C9	72
1561	#D12D7D	394
1562	#D12D7D	394
1563	#D12D7D	394
1564	#DA518C	36
1565	#DA518C	36
1567	#CD1076	237
1568	#CD1076	237
1569	#DA518C	36
1570	#DA518C	36
1571	#DA518C	36
1572	#DA518C	36
1573	#DA518C	36
1574	#DA518C	36
1575	#DA518C	36
1576	#DA518C	36
1577	#DA518C	36
1578	#DA518C	36
1579	#CD1076	197
1580	#DA518C	36
1581	#EE97B7	137
1582	#EE97B7	137
1583	#EE97B7	137
1584	#EE97B7	137
1585	#EE97B7	137
1586	#EE97B7	137
1587	#DA518C	36
1588	#EE97B7	137
1589	#DA518C	36
1590	#CD1076	197
1591	#EE97B7	137
1592	#EE97B7	137
1593	#EE97B7	137
1594	#EE97B7	137
1595	#EE97B7	137
1596	#EE97B7	137
1597	#EE97B7	137
1598	#EE97B7	137
1599	#F4B3C9	72
1600	#F4B3C9	72
1601	#D12D7D	394
1602	#F4B3C9	72
1603	#F4B3C9	72
1604	#F4B3C9	72
1605	#F4B3C9	72
1606	#F4B3C9	72
1607	#F4B3C9	72
1608	#F4B3C9	72
1609	#F4B3C9	72
1610	#F4B3C9	72
1611	#F4B3C9	72
1612	#D12D7D	394
1613	#D12D7D	394
1614	#D12D7D	394
1615	#DA518C	36
1616	#DA518C	36
1618	#CD1076	237
1619	#CD1076	237
1620	#DA518C	36
1621	#DA518C	36
1622	#DA518C	36
1623	#DA518C	36
1624	#DA518C	36
1625	#DA518C	36
1626	#DA518C	36
1627	#DA518C	36
1628	#DA518C	36
1629	#DA518C	36
1630	#CD1076	197
1631	#EE97B7	137
1632	#EE97B7	137
1633	#EE97B7	137
1634	#EE97B7	137
1635	#EE97B7	137
1636	#EE97B7	137
1637	#DA518C	36
1638	#DA518C	36
1639	#DA518C	36
1640	#DA518C	36
1641	#D12D7D	394
1642	#DA518C	36
1643	#EE97B7	137
1644	#EE97B7	137
1645	#EE97B7	137
1646	#EE97B7	137
1647	#EE97B7	137
1648	#EE97B7	137
1649	#F4B3C9	72
1650	#F4B3C9	72
1651	#F4B3C9	72
1652	#D12D7D	394
1653	#F4B3C9	72
1654	#F4B3C9	72
1655	#F4B3C9	72
1656	#F4B3C9	72
1657	#F4B3C9	72
1658	#F4B3C9	72
1659	#F4B3C9	72
1660	#F4B3C9	72
1661	#F4B3C9	72
1662	#D12D7D	394
1663	#D12D7D	394
1664	#D12D7D	394
1665	#DA518C	36
1666	#DA518C	36
1668	#CD1076	237
1669	#CD1076	237
1670	#DA518C	36
1671	#DA518C	36
1672	#DA518C	36
1673	#DA518C	36
1674	#DA518C	36
1675	#DA518C	36
1676	#DA518C	36
1677	#DA518C	36
1678	#DA518C	36
1679	#DA518C	36
1680	#CD1076	197
1681	#EE97B7	137
1682	#EE97B7	137
1683	#EE97B7	137
1684	#EE97B7	137
1685	#EE97B7	137
1686	#EE97B7	137
1687	#DA518C	36
1688	#DA518C	36
1689	#DA518C	36
1690	#DA518C	36
1691	#D12D7D	394
1692	#DA518C	36
1693	#EE97B7	137
1694	#EE97B7	137
1695	#EE97B7	137
1696	#EE97B7	137
1697	#EE97B7	137
1698	#EE97B7	137
1699	#F4B3C9	72
1700	#F4B3C9	72
1701	#F4B3C9	72
1702	#D12D7D	394
1703	#F4B3C9	72
1704	#F4B3C9	72
1705	#F4B3C9	72
1706	#F4B3C9	72
1707	#F4B3C9	72
1708	#F4B3C9	72
1709	#F4B3C9	72
1710	#F4B3C9	72
1711	#F4B3C9	72
1712	#F4B3C9	72
1713	#D12D7D	394
1714	#D12D7D	394
1715	#DA518C	36
1716	#DA518C	36
1717	#DA518C	36
1719	#CD1076	237
1720	#CD1076	237
1721	#DA518C	36
1722	#DA518C	36
1723	#DA518C	36
1724	#DA518C	36
1725	#DA518C	36
1726	#DA518C	36
1727	#DA518C	36
1728	#DA518C	36
1729	#DA518C	36
1730	#EE97B7	137
1731	#CD1076	197
1732	#EE97B7	137
1733	#EE97B7	137
1734	#EE97B7	137
1735	#EE97B7	137
1736	#EE97B7	137
1737	#DA518C	36
1738	#DA518C	36
1739	#DA518C	36
1740	#DA518C	36
1741	#DA518C	36
1742	#D12D7D	394
1743	#DA518C	36
1744	#EE97B7	137
1745	#EE97B7	137
1746	#EE97B7	137
1747	#EE97B7	137
1748	#EE97B7	137
1749	#F4B3C9	72
1750	#F4B3C9	72
1751	#F4B3C9	72
1752	#F4B3C9	72
1753	#D12D7D	394
1754	#F4B3C9	72
1755	#F4B3C9	72
1756	#F4B3C9	72
1757	#F4B3C9	72
1758	#F4B3C9	72
1759	#F4B3C9	72
1760	#F4B3C9	72
1761	#F4B3C9	72
1762	#F4B3C9	72
1763	#D12D7D	394
1764	#DA518C	36
1765	#DA518C	36
1766	#DA518C	36
1767	#DA518C	36
1769	#CD1076	237
1770	#CD1076	237
1771	#DA518C	36
1772	#DA518C	36
1773	#DA518C	36
1774	#DA518C	36
1775	#DA518C	36
1776	#DA518C	36
1777	#DA518C	36
1778	#DA518C	36
1779	#DA518C	36
1780	#DA518C	36
1781	#CD1076	197
1782	#EE97B7	137
1783	#DA518C	36
1784	#EE97B7	137
1785	#EE97B7	137
1786	#EE97B7	137
1787	#DA518C	36
1788	#DA518C	36
1789	#DA518C	36
1790	#DA518C	36
1791	#DA518C	36
1792	#D12D7D	394
1793	#DA518C	36
1794	#EE97B7	137
1795	#EE97B7	137
1796	#EE97B7	137
1797	#EE97B7	137
1798	#EE97B7	137
1799	#F4B3C9	72
1800	#F4B3C9	72
1801	#F4B3C9	72
1802	#F4B3C9	72
1803	#D12D7D	394
1804	#F4B3C9	72
1805	#F4B3C9	72
1806	#F4B3C9	72
1807	#F4B3C9	72
1808	#F4B3C9	72
1809	#F4B3C9	72
1810	#F4B3C9	72
1811	#F4B3C9	72
1812	#F4B3C9	72
1813	#F4B3C9	72
1814	#D12D7D	394
1815	#DA518C	36
1816	#DA518C	36
1817	#DA518C	36
1818	#DA518C	36
1820	#CD1076	237
1821	#CD1076	197
1822	#DA518C	36
1823	#DA518C	36
1824	#DA518C	36
1825	#DA518C	36
1826	#DA518C	36
1827	#DA518C	36
1828	#DA518C	36
1829	#DA518C	36
1830	#DA518C	36
1831	#DA518C	36
1832	#CD1076	197
1833	#DA518C	36
1834	#EE97B7	137
1835	#EE97B7	137
1836	#EE97B7	137
1837	#DA518C	36
1838	#DA518C	36
1839	#DA518C	36
1840	#DA518C	36
1841	#DA518C	36
1842	#DA518C	36
1843	#D12D7D	394
1844	#DA518C	36
1845	#EE97B7	137
1846	#EE97B7	137
1847	#EE97B7	137
1848	#EE97B7	137
1849	#F4B3C9	72
1850	#F4B3C9	72
1851	#F4B3C9	72
1852	#F4B3C9	72
1853	#F4B3C9	72
1854	#D12D7D	394
1855	#F4B3C9	72
1856	#F4B3C9	72
1857	#FCE2EB	75
1858	#F4B3C9	72
1859	#F4B3C9	72
1860	#F4B3C9	72
1861	#F4B3C9	72
1862	#F4B3C9	72
1863	#F4B3C9	72
1864	#D12D7D	394
1865	#DA518C	36
1866	#DA518C	36
1867	#DA518C	36
1868	#DA518C	36
1870	#CD1076	237
1871	#CD1076	197
1872	#DA518C	36
1873	#DA518C	36
1874	#DA518C	36
1875	#DA518C	36
1876	#DA518C	36
1877	#DA518C	36
1878	#DA518C	36
1879	#DA518C	36
1880	#DA518C	36
1881	#DA518C	36
1882	#CD1076	197
1883	#DA518C	36
1884	#EE97B7	137
1885	#EE97B7	137
1886	#EE97B7	137
1887	#DA518C	36
1888	#DA518C	36
1889	#DA518C	36
1890	#DA518C	36
1891	#DA518C	36
1892	#DA518C	36
1893	#CD1076	197
1894	#DA518C	36
1895	#EE97B7	137
1896	#EE97B7	137
1897	#EE97B7	137
1898	#EE97B7	137
1899	#EE97B7	137
1900	#F4B3C9	72
1901	#F4B3C9	72
1902	#F4B3C9	72
1903	#F4B3C9	72
1904	#CD1076	197
1905	#F4B3C9	72
1906	#F4B3C9	72
1907	#F4B3C9	72
1908	#FCE2EB	75
1909	#FCE2EB	75
1910	#F4B3C9	72
1911	#F4B3C9	72
1912	#F4B3C9	72
1913	#F4B3C9	72
1914	#F4B3C9	72
1915	#D12D7D	394
1916	#DA518C	36
1917	#DA518C	36
1918	#DA518C	36
1919	#DA518C	36
1921	#CD1076	237
1922	#CD1076	197
1923	#DA518C	36
1924	#DA518C	36
1925	#DA518C	36
1926	#DA518C	36
1927	#DA518C	36
1928	#DA518C	36
1929	#DA518C	36
1930	#DA518C	36
1931	#DA518C	36
1932	#DA518C	36
1933	#CD1076	197
1934	#DA518C	36
1935	#EE97B7	137
1936	#DA518C	36
1937	#DA518C	36
1938	#DA518C	36
1939	#DA518C	36
1940	#DA518C	36
1941	#DA518C	36
1942	#EE97B7	137
1943	#EE97B7	137
1944	#CD1076	197
1945	#EE97B7	137
1946	#EE97B7	137
1947	#EE97B7	137
1948	#EE97B7	137
1949	#F4B3C9	72
1950	#EE97B7	137
1951	#F4B3C9	72
1952	#F4B3C9	72
1953	#F4B3C9	72
1954	#F4B3C9	72
1955	#D12D7D	394
1956	#F4B3C9	72
1957	#F4B3C9	72
1958	#F4B3C9	72
1959	#FCE2EB	75
1960	#F4B3C9	72
1961	#F4B3C9	72
1962	#F4B3C9	72
1963	#F4B3C9	72
1964	#F4B3C9	72
1965	#D12D7D	394
1966	#DA518C	36
1967	#DA518C	36
1968	#DA518C	36
1969	#DA518C	36
1971	#CD1076	237
1972	#CD1076	476
1973	#DA518C	36
1974	#DA518C	36
1975	#DA518C	36
1976	#DA518C	36
1977	#DA518C	36
1978	#DA518C	36
1979	#DA518C	36
1980	#DA518C	36
1981	#DA518C	36
1982	#DA518C	36
1983	#CD1076	197
1984	#DA518C	36
1985	#DA518C	36
1986	#DA518C	36
1987	#DA518C	36
1988	#DA518C	36
1989	#DA518C	36
1990	#DA518C	36
1991	#DA518C	36
1992	#DA518C	36
1993	#EE97B7	137
1994	#CD1076	197
1995	#EE97B7	137
1996	#EE97B7	137
1997	#EE97B7	137
1998	#EE97B7	137
1999	#F4B3C9	72
2000	#EE97B7	137
2001	#F4B3C9	72
2002	#F4B3C9	72
2003	#F4B3C9	72
2004	#F4B3C9	72
2005	#CD1076	197
2006	#F4B3C9	72
2007	#F4B3C9	72
2008	#F4B3C9	72
2009	#F4B3C9	72
2010	#FCE2EB	75
2011	#FCE2EB	75
2012	#F4B3C9	72
2013	#F4B3C9	72
2014	#F4B3C9	72
2015	#F4B3C9	72
2016	#D12D7D	394
2017	#DA518C	36
2018	#DA518C	36
2019	#DA518C	36
2020	#DA518C	36
2022	#CD1076	237
2023	#CD1076	476
2024	#DA518C	36
2025	#DA518C	36
2026	#DA518C	36
2027	#DA518C	36
2028	#DA518C	36
2029	#DA518C	36
2030	#DA518C	36
2031	#DA518C	36
2032	#DA518C	36
2033	#DA518C	36
2034	#CD1076	197
2035	#DA518C	36
2036	#DA518C	36
2037	#DA518C	36
2038	#DA518C	36
2039	#DA518C	36
2040	#DA518C	36
2041	#DA518C	36
2042	#DA518C	36
2043	#DA518C	36
2044	#EE97B7	137
2045	#CD1076	197
2046	#EE97B7	137
2047	#EE97B7	137
2048	#F4B3C9	72
2049	#F4B3C9	72
2050	#F4B3C9	72
2051	#F4B3C9	72
2052	#F4B3C9	72
2053	#F4B3C9	72
2054	#F4B3C9	72
2055	#F4B3C9	72
2056	#D12D7D	394
2057	#F4B3C9	72
2058	#F4B3C9	72
2059	#F4B3C9	72
2060	#F4B3C9	72
2061	#FCE2EB	75
2062	#F4B3C9	72
2063	#F4B3C9	72
2064	#F4B3C9	72
2065	#F4B3C9	72
2066	#D12D7D	394
2067	#DA518C	36
2068	#DA518C	36
2069	#DA518C	36
2070	#DA518C	36
2072	#CD1076	237
2073	#CD1076	476
2074	#DA518C	36
2075	#DA518C	36
2076	#DA518C	36
2077	#DA518C	36
2078	#DA518C	36
2079	#DA518C	36
2080	#DA518C	36
2081	#DA518C	36
2082	#DA518C	36
2083	#DA518C	36
2084	#CD1076	476
2085	#DA518C	36
2086	#DA518C	36
2087	#DA518C	36
2088	#DA518C	36
2089	#DA518C	36
2090	#DA518C	36
2091	#DA518C	36
2092	#DA518C	36
2093	#DA518C	36
2094	#EE97B7	137
2095	#CD1076	197
2096	#EE97B7	137
2097	#EE97B7	137
2098	#EE97B7	137
2099	#F4B3C9	72
2100	#F4B3C9	72
2101	#F4B3C9	72
2102	#F4B3C9	72
2103	#F4B3C9	72
2104	#F4B3C9	72
2105	#F4B3C9	72
2106	#CD1076	197
2107	#F4B3C9	72
2108	#F4B3C9	72
2109	#F4B3C9	72
2110	#F4B3C9	72
2111	#F4B3C9	72
2112	#FCE2EB	75
2113	#F4B3C9	72
2114	#F4B3C9	72
2115	#F4B3C9	72
2116	#F4B3C9	72
2117	#D12D7D	394
2118	#D12D7D	394
2119	#DA518C	36
2120	#DA518C	36
2121	#DA518C	36
2123	#CD1076	237
2124	#CD1076	476
2125	#DA518C	36
2126	#DA518C	36
2127	#DA518C	36
2128	#DA518C	36
2129	#DA518C	36
2130	#DA518C	36
2131	#DA518C	36
2132	#DA518C	36
2133	#DA518C	36
2134	#DA518C	36
2135	#CD1076	476
2136	#DA518C	36
2137	#DA518C	36
2138	#DA518C	36
2139	#DA518C	36
2140	#DA518C	36
2141	#DA518C	36
2142	#DA518C	36
2143	#DA518C	36
2144	#DA518C	36
2145	#EE97B7	137
2146	#CD1076	197
2147	#EE97B7	137
2148	#EE97B7	137
2149	#F4B3C9	72
2150	#F4B3C9	72
2151	#F4B3C9	72
2152	#F4B3C9	72
2153	#F4B3C9	72
2154	#F4B3C9	72
2155	#F4B3C9	72
2156	#F4B3C9	72
2157	#CD1076	197
2158	#F4B3C9	72
2159	#F4B3C9	72
2160	#F4B3C9	72
2161	#F4B3C9	72
2162	#F4B3C9	72
2163	#FCE2EB	75
2164	#F4B3C9	72
2165	#F4B3C9	72
2166	#F4B3C9	72
2167	#D12D7D	394
2168	#D12D7D	394
2169	#DA518C	36
2170	#DA518C	36
2171	#DA518C	36
2173	#CD1076	237
2174	#CD1076	476
2175	#DA518C	36
2176	#DA518C	36
2177	#DA518C	36
2178	#DA518C	36
2179	#DA518C	36
2180	#DA518C	36
2181	#DA518C	36
2182	#DA518C	36
2183	#DA518C	36
2184	#DA518C	36
2185	#CD1076	476
2186	#DA518C	36
2187	#DA518C	36
2188	#DA518C	36
2189	#DA518C	36
2190	#DA518C	36
2191	#DA518C	36
2192	#DA518C	36
2193	#DA518C	36
2194	#DA518C	36
2195	#EE97B7	137
2196	#CD1076	197
2197	#EE97B7	137
2198	#EE97B7	137
2199	#F4B3C9	72
2200	#F4B3C9	72
2201	#F4B3C9	72
2202	#F4B3C9	72
2203	#F4B3C9	72
2204	#F4B3C9	72
2205	#F4B3C9	72
2206	#F4B3C9	72
2207	#CD1076	197
2208	#F4B3C9	72
2209	#F4B3C9	72
2210	#F4B3C9	72
2211	#FCE2EB	75
2212	#F4B3C9	72
2213	#FCE2EB	75
2214	#FCE2EB	75
2215	#F4B3C9	72
2216	#F4B3C9	72
2217	#F4B3C9	72
2218	#CD1076	197
2219	#D12D7D	394
2220	#D12D7D	394
2221	#DA518C	36
2222	#DA518C	36
2224	#CD1076	237
2225	#CD1076	476
2226	#DA518C	36
2227	#DA518C	36
2228	#DA518C	36
2229	#DA518C	36
2230	#DA518C	36
2231	#DA518C	36
2232	#DA518C	36
2233	#DA518C	36
2234	#DA518C	36
2235	#DA518C	36
2236	#CD1076	476
2237	#DA518C	36
2238	#DA518C	36
2239	#DA518C	36
2240	#DA518C	36
2241	#DA518C	36
2242	#DA518C	36
2243	#DA518C	36
2244	#EE97B7	137
2245	#EE97B7	137
2246	#EE97B7	137
2247	#CD1076	197
2248	#EE97B7	137
2249	#F4B3C9	72
2250	#F4B3C9	72
2251	#F4B3C9	72
2252	#F4B3C9	72
2253	#F4B3C9	72
2254	#F4B3C9	72
2255	#F4B3C9	72
2256	#F4B3C9	72
2257	#F4B3C9	72
2258	#CD1076	197
2259	#F4B3C9	72
2260	#F4B3C9	72
2261	#F4B3C9	72
2262	#FCE2EB	75
2263	#FCE2EB	75
2264	#FCE2EB	75
2265	#FCE2EB	75
2266	#F4B3C9	72
2267	#F4B3C9	72
2268	#CD1076	197
2269	#D12D7D	394
2270	#D12D7D	394
2271	#DA518C	36
2272	#DA518C	36
2274	#CD1076	477
2275	#CD1076	378
2276	#DA518C	36
2277	#DA518C	36
2278	#DA518C	36
2279	#DA518C	36
2280	#DA518C	36
2281	#DA518C	36
2282	#DA518C	36
2283	#DA518C	36
2284	#DA518C	36
2285	#DA518C	36
2286	#CD1076	378
2287	#DA518C	36
2288	#DA518C	36
2289	#DA518C	36
2290	#EE97B7	137
2291	#EE97B7	137
2292	#EE97B7	137
2293	#EE97B7	137
2294	#EE97B7	137
2295	#EE97B7	137
2296	#EE97B7	137
2297	#CD1176	350
2298	#EE97B7	137
2299	#EE97B7	137
2300	#EE97B7	137
2301	#EE97B7	137
2302	#EE97B7	137
2303	#EE97B7	137
2304	#EE97B7	137
2305	#EE97B7	137
2306	#EE97B7	137
2307	#EE97B7	137
2308	#CD1176	350
2309	#EE97B7	137
2310	#EE97B7	137
2311	#EE97B7	137
2312	#EE97B7	137
2313	#EE97B7	137
2314	#EE97B7	137
2315	#EE97B7	137
2316	#F4B3C9	72
2317	#F4B3C9	72
2318	#F4B3C9	72
2319	#CD1176	350
2320	#DA518C	36
2321	#DA518C	36
2322	#DA518C	36
2323	#DA518C	36
2325	#CD1076	477
2326	#CD1076	378
2327	#DA518C	36
2328	#DA518C	36
2329	#DA518C	36
2330	#DA518C	36
2331	#DA518C	36
2332	#DA518C	36
2333	#DA518C	36
2334	#DA518C	36
2335	#DA518C	36
2336	#DA518C	36
2337	#CD1176	350
2338	#DA518C	36
2339	#DA518C	36
2340	#DA518C	36
2341	#EE97B7	137
2342	#EE97B7	137
2343	#EE97B7	137
2344	#EE97B7	137
2345	#EE97B7	137
2346	#EE97B7	137
2347	#EE97B7	137
2348	#CD1176	350
2349	#EE97B7	137
2350	#EE97B7	137
2351	#EE97B7	137
2352	#EE97B7	137
2353	#EE97B7	137
2354	#EE97B7	137
2355	#EE97B7	137
2356	#EE97B7	137
2357	#EE97B7	137
2358	#EE97B7	137
2359	#CD1176	350
2360	#EE97B7	137
2361	#EE97B7	137
2362	#EE97B7	137
2363	#EE97B7	137
2364	#EE97B7	137
2365	#EE97B7	137
2366	#EE97B7	137
2367	#F4B3C9	72
2368	#F4B3C9	72
2369	#DA518C	36
2370	#DA518C	36
2371	#DA518C	36
2372	#DA518C	36
2373	#DA518C	36
2375	#CD1076	237
2376	#CD1076	476
2377	#DA518C	36
2378	#DA518C	36
2379	#DA518C	36
2380	#DA518C	36
2381	#DA518C	36
2382	#DA518C	36
2383	#DA518C	36
2384	#DA518C	36
2385	#DA518C	36
2386	#DA518C	36
2387	#CD1076	197
2388	#DA518C	36
2389	#DA518C	36
2390	#DA518C	36
2391	#DA518C	36
2392	#DA518C	36
2393	#DA518C	36
2394	#DA518C	36
2395	#EE97B7	137
2396	#EE97B7	137
2397	#EE97B7	137
2398	#CD1076	197
2399	#EE97B7	137
2400	#F4B3C9	72
2401	#F4B3C9	72
2402	#F4B3C9	72
2403	#F4B3C9	72
2404	#F4B3C9	72
2405	#F4B3C9	72
2406	#F4B3C9	72
2407	#F4B3C9	72
2408	#F4B3C9	72
2409	#CD1076	197
2410	#F4B3C9	72
2411	#F4B3C9	72
2412	#F4B3C9	72
2413	#FCE2EB	75
2414	#FCE2EB	75
2415	#FCE2EB	75
2416	#FCE2EB	75
2417	#FCE2EB	75
2418	#F4B3C9	72
2419	#F4B3C9	72
2420	#CD1076	197
2421	#CD1076	197
2422	#D12D7D	394
2423	#DA518C	36
2424	#DA518C	36
2426	#CD1076	237
2427	#CD1076	476
2428	#DA518C	36
2429	#DA518C	36
2430	#DA518C	36
2431	#DA518C	36
2432	#DA518C	36
2433	#DA518C	36
2434	#DA518C	36
2435	#DA518C	36
2436	#DA518C	36
2437	#DA518C	36
2438	#CD1076	197
2439	#DA518C	36
2440	#DA518C	36
2441	#DA518C	36
2442	#DA518C	36
2443	#DA518C	36
2444	#DA518C	36
2445	#DA518C	36
2446	#EE97B7	137
2447	#EE97B7	137
2448	#EE97B7	137
2449	#CD1076	197
2450	#F4B3C9	72
2451	#F4B3C9	72
2452	#F4B3C9	72
2453	#F4B3C9	72
2454	#F4B3C9	72
2455	#F4B3C9	72
2456	#F4B3C9	72
2457	#F4B3C9	72
2458	#F4B3C9	72
2459	#F4B3C9	72
2460	#CD1076	197
2461	#F4B3C9	72
2462	#F4B3C9	72
2463	#FCE2EB	75
2464	#FCE2EB	75
2465	#FCE2EB	75
2466	#FCE2EB	75
2467	#FCE2EB	75
2468	#FCE2EB	75
2469	#F4B3C9	72
2470	#CD1076	197
2471	#D12D7D	394
2472	#D12D7D	394
2473	#DA518C	36
2474	#DA518C	36
2476	#CD1076	237
2477	#CD1076	476
2478	#DA518C	36
2479	#DA518C	36
2480	#DA518C	36
2481	#DA518C	36
2482	#DA518C	36
2483	#DA518C	36
2484	#DA518C	36
2485	#DA518C	36
2486	#DA518C	36
2487	#DA518C	36
2488	#CD1076	476
2489	#DA518C	36
2490	#DA518C	36
2491	#DA518C	36
2492	#DA518C	36
2493	#DA518C	36
2494	#DA518C	36
2495	#DA518C	36
2496	#EE97B7	137
2497	#EE97B7	137
2498	#EE97B7	137
2499	#CD1076	197
2500	#F4B3C9	72
2501	#F4B3C9	72
2502	#F4B3C9	72
2503	#F4B3C9	72
2504	#F4B3C9	72
2505	#F4B3C9	72
2506	#F4B3C9	72
2507	#F4B3C9	72
2508	#F4B3C9	72
2509	#F4B3C9	72
2510	#CD1076	197
2511	#F4B3C9	72
2512	#F4B3C9	72
2513	#F4B3C9	72
2514	#FCE2EB	75
2515	#FCE2EB	75
2516	#FCE2EB	75
2517	#FCE2EB	75
2518	#FCE2EB	75
2519	#FCE2EB	75
2520	#F4B3C9	72
2521	#CD1076	197
2522	#CD1076	197
2523	#D12D7D	394
2524	#D12D7D	394
2525	#D12D7D	394
2527	#CD1076	237
2528	#CD1076	476
2529	#DA518C	36
2530	#DA518C	36
2531	#DA518C	36
2532	#DA518C	36
2533	#DA518C	36
2534	#DA518C	36
2535	#DA518C	36
2536	#DA518C	36
2537	#DA518C	36
2538	#DA518C	36
2539	#CD1076	476
2540	#DA518C	36
2541	#DA518C	36
2542	#DA518C	36
2543	#DA518C	36
2544	#DA518C	36
2545	#DA518C	36
2546	#EE97B7	137
2547	#EE97B7	137
2548	#EE97B7	137
2549	#F4B3C9	72
2550	#CD1076	197
2551	#F4B3C9	72
2552	#F4B3C9	72
2553	#F4B3C9	72
2554	#F4B3C9	72
2555	#F4B3C9	72
2556	#F4B3C9	72
2557	#F4B3C9	72
2558	#F4B3C9	72
2559	#F4B3C9	72
2560	#F4B3C9	72
2561	#CD1076	197
2562	#F4B3C9	72
2563	#F4B3C9	72
2564	#FCE2EB	75
2565	#FCE2EB	75
2566	#FCE2EB	75
2567	#FCE2EB	75
2568	#F4B3C9	72
2569	#F4B3C9	72
2570	#FCE2EB	75
2571	#CD1076	197
2572	#D12D7D	394
2573	#D12D7D	394
2574	#D12D7D	394
2575	#D12D7D	394
2577	#CD1076	237
2578	#CD1076	476
2579	#D12D7D	394
2580	#DA518C	36
2581	#DA518C	36
2582	#DA518C	36
2583	#DA518C	36
2584	#DA518C	36
2585	#DA518C	36
2586	#DA518C	36
2587	#DA518C	36
2588	#DA518C	36
2589	#CD1076	476
2590	#DA518C	36
2591	#DA518C	36
2592	#DA518C	36
2593	#DA518C	36
2594	#DA518C	36
2595	#DA518C	36
2596	#DA518C	36
2597	#EE97B7	137
2598	#EE97B7	137
2599	#F4B3C9	72
2600	#CD1076	197
2601	#F4B3C9	72
2602	#F4B3C9	72
2603	#F4B3C9	72
2604	#F4B3C9	72
2605	#F4B3C9	72
2606	#F4B3C9	72
2607	#F4B3C9	72
2608	#F4B3C9	72
2609	#F4B3C9	72
2610	#F4B3C9	72
2611	#CD1076	197
2612	#F4B3C9	72
2613	#F4B3C9	72
2614	#FCE2EB	75
2615	#FCE2EB	75
2616	#F4B3C9	72
2617	#FCE2EB	75
2618	#FCE2EB	75
2619	#F4B3C9	72
2620	#FCE2EB	75
2621	#FCE2EB	75
2622	#CD1076	197
2623	#CD1076	197
2624	#D12D7D	394
2625	#D12D7D	394
2626	#D12D7D	394
2628	#CD1076	237
2629	#CD1076	476
2630	#D12D7D	394
2631	#D12D7D	394
2632	#DA518C	36
2633	#DA518C	36
2634	#DA518C	36
2635	#DA518C	36
2636	#DA518C	36
2637	#DA518C	36
2638	#DA518C	36
2639	#DA518C	36
2640	#CD1076	476
2641	#DA518C	36
2642	#DA518C	36
2643	#DA518C	36
2644	#DA518C	36
2645	#DA518C	36
2646	#DA518C	36
2647	#DA518C	36
2648	#EE97B7	137
2649	#F4B3C9	72
2650	#F4B3C9	72
2651	#CD1076	197
2652	#F4B3C9	72
2653	#F4B3C9	72
2654	#F4B3C9	72
2655	#F4B3C9	72
2656	#F4B3C9	72
2657	#F4B3C9	72
2658	#F4B3C9	72
2659	#F4B3C9	72
2660	#F4B3C9	72
2661	#F4B3C9	72
2662	#CD1076	197
2663	#F4B3C9	72
2664	#F4B3C9	72
2665	#F4B3C9	72
2666	#F4B3C9	72
2667	#F4B3C9	72
2668	#F4B3C9	72
2669	#F4B3C9	72
2670	#FCE2EB	75
2671	#FCE2EB	75
2672	#CD1076	197
2673	#CD1076	197
2674	#D12D7D	394
2675	#D12D7D	394
2676	#D12D7D	394
2678	#CD1076	237
2679	#CD1076	476
2680	#D12D7D	394
2681	#D12D7D	394
2682	#DA518C	36
2683	#DA518C	36
2684	#DA518C	36
2685	#DA518C	36
2686	#DA518C	36
2687	#DA518C	36
2688	#DA518C	36
2689	#DA518C	36
2690	#CD1076	476
2691	#DA518C	36
2692	#DA518C	36
2693	#DA518C	36
2694	#DA518C	36
2695	#DA518C	36
2696	#DA518C	36
2697	#DA518C	36
2698	#DA518C	36
2699	#F4B3C9	72
2700	#F4B3C9	72
2701	#CD1076	476
2702	#F4B3C9	72
2703	#F4B3C9	72
2704	#F4B3C9	72
2705	#F0A2BE	32
2706	#F4B3C9	72
2707	#F4B3C9	72
2708	#F4B3C9	72
2709	#F4B3C9	72
2710	#F4B3C9	72
2711	#F4B3C9	72
2712	#CD1076	197
2713	#F4B3C9	72
2714	#F4B3C9	72
2715	#F4B3C9	72
2716	#F4B3C9	72
2717	#F4B3C9	72
2718	#F4B3C9	72
2719	#F4B3C9	72
2720	#FCE2EB	75
2721	#FCE2EB	75
2722	#FCE2EB	75
2723	#CD1076	197
2724	#CD1076	197
2725	#CD1076	197
2726	#D12D7D	394
2727	#D12D7D	394
2729	#CD1076	237
2730	#CD1076	476
2731	#D12D7D	394
2732	#D12D7D	394
2733	#D12D7D	394
2734	#DA518C	36
2735	#DA518C	36
2736	#DA518C	36
2737	#DA518C	36
2738	#DA518C	36
2739	#DA518C	36
2740	#DA518C	36
2741	#CD1076	476
2742	#DA518C	36
2743	#DA518C	36
2744	#DA518C	36
2745	#DA518C	36
2746	#DA518C	36
2747	#DA518C	36
2748	#DA518C	36
2749	#DA518C	36
2750	#F4B3C9	72
2751	#F4B3C9	72
2752	#CD1076	197
2753	#F4B3C9	72
2754	#F4B3C9	72
2755	#F0A2BE	32
2756	#F0A2BE	32
2757	#F4B3C9	72
2758	#F0A2BE	32
2759	#F4B3C9	72
2760	#F0A2BE	32
2761	#F4B3C9	72
2762	#F4B3C9	72
2763	#CD1076	197
2764	#F4B3C9	72
2765	#F4B3C9	72
2766	#F4B3C9	72
2767	#F4B3C9	72
2768	#F4B3C9	72
2769	#F4B3C9	72
2770	#F4B3C9	72
2771	#FCE2EB	75
2772	#FCE2EB	75
2773	#CD1076	197
2774	#CD1076	197
2775	#CD1076	197
2776	#D12D7D	394
2777	#D12D7D	394
2779	#CD1076	237
2780	#CD1076	476
2781	#D12D7D	394
2782	#D12D7D	394
2783	#D12D7D	394
2784	#D12D7D	394
2785	#DA518C	36
2786	#DA518C	36
2787	#DA518C	36
2788	#DA518C	36
2789	#DA518C	36
2790	#DA518C	36
2791	#CD1076	476
2792	#DA518C	36
2793	#DA518C	36
2794	#DA518C	36
2795	#DA518C	36
2796	#DA518C	36
2797	#DA518C	36
2798	#DA518C	36
2799	#DA518C	36
2800	#DA518C	36
2801	#F4B3C9	72
2802	#CD1076	197
2803	#F4B3C9	72
2804	#F4B3C9	72
2805	#F4B3C9	72
2806	#F0A2BE	32
2807	#F4B3C9	72
2808	#F0A2BE	32
2809	#F4B3C9	72
2810	#F0A2BE	32
2811	#F4B3C9	72
2812	#F4B3C9	72
2813	#CD1076	197
2814	#F4B3C9	72
2815	#F4B3C9	72
2816	#F4B3C9	72
2817	#F4B3C9	72
2818	#F4B3C9	72
2819	#F4B3C9	72
2820	#F4B3C9	72
2821	#F4B3C9	72
2822	#FCE2EB	75
2823	#FCE2EB	75
2824	#CD1076	197
2825	#CD1076	197
2826	#CD1076	197
2827	#CD1076	197
2828	#D12D7D	394
2830	#CD1076	237
2831	#CD1076	476
2832	#D12D7D	394
2833	#D12D7D	394
2834	#DA518C	36
2835	#D12D7D	394
2836	#DA518C	36
2837	#DA518C	36
2838	#DA518C	36
2839	#DA518C	36
2840	#DA518C	36
2841	#DA518C	36
2842	#CD1076	197
2843	#DA518C	36
2844	#DA518C	36
2845	#DA518C	36
2846	#DA518C	36
2847	#DA518C	36
2848	#DA518C	36
2849	#DA518C	36
2850	#DA518C	36
2851	#DA518C	36
2852	#F4B3C9	72
2853	#CD1076	197
2854	#F0A2BE	32
2855	#F0A2BE	32
2856	#F0A2BE	32
2857	#F4B3C9	72
2858	#F0A2BE	32
2859	#F4B3C9	72
2860	#F0A2BE	32
2861	#F4B3C9	72
2862	#F4B3C9	72
2863	#F4B3C9	72
2864	#CD1076	197
2865	#F4B3C9	72
2866	#F4B3C9	72
2867	#F4B3C9	72
2868	#F4B3C9	72
2869	#F4B3C9	72
2870	#F4B3C9	72
2871	#FCE2EB	75
2872	#F4B3C9	72
2873	#F4B3C9	72
2874	#CD1076	197
2875	#CD1076	197
2876	#CD1076	197
2877	#CD1076	197
2878	#D12D7D	394
2880	#CD1076	237
2881	#CD1076	476
2882	#CD1076	197
2883	#D12D7D	394
2884	#DA518C	36
2885	#DA518C	36
2886	#DA518C	36
2887	#DA518C	36
2888	#DA518C	36
2889	#DA518C	36
2890	#DA518C	36
2891	#DA518C	36
2892	#CD1076	197
2893	#DA518C	36
2894	#DA518C	36
2895	#DA518C	36
2896	#DA518C	36
2897	#DA518C	36
2898	#DA518C	36
2899	#DA518C	36
2900	#F0A2BE	32
2901	#DA518C	36
2902	#DA518C	36
2903	#CD1076	197
2904	#F4B3C9	72
2905	#F0A2BE	32
2906	#F0A2BE	32
2907	#F4B3C9	72
2908	#F0A2BE	32
2909	#F0A2BE	32
2910	#F0A2BE	32
2911	#F4B3C9	72
2912	#F4B3C9	72
2913	#F4B3C9	72
2914	#CD1076	197
2915	#F4B3C9	72
2916	#F4B3C9	72
2917	#F4B3C9	72
2918	#F4B3C9	72
2919	#F4B3C9	72
2920	#F4B3C9	72
2921	#FCE2EB	75
2922	#FCE2EB	75
2923	#F4B3C9	72
2924	#F4B3C9	72
2925	#CD1076	197
2926	#CD1076	197
2927	#CD1076	197
2928	#CD1076	197
2929	#CD1076	197
2931	#CD1076	237
2932	#CD1076	476
2933	#CD1076	197
2934	#D12D7D	394
2935	#DA518C	36
2936	#DA518C	36
2937	#DA518C	36
2938	#DA518C	36
2939	#DA518C	36
2940	#DA518C	36
2941	#DA518C	36
2942	#DA518C	36
2943	#CD1076	197
2944	#DA518C	36
2945	#DA518C	36
2946	#DA518C	36
2947	#DA518C	36
2948	#DA518C	36
2949	#DA518C	36
2950	#DA518C	36
2951	#F0A2BE	32
2952	#F0A2BE	32
2953	#DA518C	36
2954	#CD1076	197
2955	#F0A2BE	32
2956	#F0A2BE	32
2957	#F0A2BE	32
2958	#F0A2BE	32
2959	#F4B3C9	72
2960	#F0A2BE	32
2961	#F4B3C9	72
2962	#F4B3C9	72
2963	#F4B3C9	72
2964	#F4B3C9	72
2965	#CD1076	197
2966	#F4B3C9	72
2967	#F4B3C9	72
2968	#F4B3C9	72
2969	#F4B3C9	72
2970	#F4B3C9	72
2971	#FCE2EB	75
2972	#FCE2EB	75
2973	#F4B3C9	72
2974	#F4B3C9	72
2975	#CD1076	197
2976	#CD1076	197
2977	#CD1076	197
2978	#CD1076	197
2979	#CD1076	197
2981	#CD1076	237
2982	#CD1076	476
2983	#CD1076	197
2984	#D12D7D	394
2985	#DA518C	36
2986	#DA518C	36
2987	#DA518C	36
2988	#DA518C	36
2989	#DA518C	36
2990	#DA518C	36
2991	#DA518C	36
2992	#DA518C	36
2993	#CD1076	476
2994	#DA518C	36
2995	#DA518C	36
2996	#DA518C	36
2997	#DA518C	36
2998	#DA518C	36
2999	#DA518C	36
3000	#DA518C	36
3001	#DA518C	36
3002	#F0A2BE	32
3003	#F0A2BE	32
3004	#CD1076	197
3005	#DA518C	36
3006	#F0A2BE	32
3007	#F0A2BE	32
3008	#F0A2BE	32
3009	#F4B3C9	72
3010	#F0A2BE	32
3011	#F4B3C9	72
3012	#F4B3C9	72
3013	#F4B3C9	72
3014	#F4B3C9	72
3015	#CD1076	197
3016	#F4B3C9	72
3017	#F4B3C9	72
3018	#F4B3C9	72
3019	#F4B3C9	72
3020	#F4B3C9	72
3021	#FCE2EB	75
3022	#FCE2EB	75
3023	#FCE2EB	75
3024	#F4B3C9	72
3025	#F4B3C9	72
3026	#CD1076	197
3027	#CD1076	197
3028	#CD1076	197
3029	#CD1076	197
3030	#CD1076	197
3032	#CD1076	237
3033	#CD1076	476
3034	#CD1076	197
3035	#DA518C	36
3036	#D12C7D	144
3037	#DA518C	36
3038	#DA518C	36
3039	#DA518C	36
3040	#DA518C	36
3041	#DA518C	36
3042	#DA518C	36
3043	#DA518C	36
3044	#CD1076	197
3045	#DA518C	36
3046	#DA518C	36
3047	#DA518C	36
3048	#DA518C	36
3049	#DA518C	36
3050	#DA518C	36
3051	#DA518C	36
3052	#DA518C	36
3053	#F0A2BE	32
3054	#F0A2BE	32
3055	#CD1076	197
3056	#F0A2BE	32
3057	#F0A2BE	32
3058	#F0A2BE	32
3059	#F0A2BE	32
3060	#F4B3C9	72
3061	#F0A2BE	32
3062	#F4B3C9	72
3063	#F4B3C9	72
3064	#F4B3C9	72
3065	#F4B3C9	72
3066	#CD1076	197
3067	#F4B3C9	72
3068	#F4B3C9	72
3069	#F4B3C9	72
3070	#F4B3C9	72
3071	#FCE2EB	75
3072	#FCE2EB	75
3073	#FCE2EB	75
3074	#F4B3C9	72
3075	#F4B3C9	72
3076	#CD1076	197
3077	#CD1076	197
3078	#CD1076	197
3079	#CD1076	197
3080	#CD1076	197
3082	#CD1076	237
3083	#CD1076	476
3084	#D12C7D	144
3085	#D12C7D	144
3086	#D12C7D	144
3087	#D12C7D	144
3088	#DA518C	36
3089	#DA518C	36
3090	#DA518C	36
3091	#DA518C	36
3092	#DA518C	36
3093	#DA518C	36
3094	#CD1076	476
3095	#DA518C	36
3096	#DA518C	36
3097	#DA518C	36
3098	#DA518C	36
3099	#DA518C	36
3100	#DA518C	36
3101	#DA518C	36
3102	#DA518C	36
3103	#DA518C	36
3104	#F0A2BE	32
3105	#CD1076	197
3106	#F0A2BE	32
3107	#F0A2BE	32
3108	#F0A2BE	32
3109	#F0A2BE	32
3110	#F0A2BE	32
3111	#F4B3C9	72
3112	#F4B3C9	72
3113	#F4B3C9	72
3114	#F4B3C9	72
3115	#F4B3C9	72
3116	#CD1076	197
3117	#F4B3C9	72
3118	#F4B3C9	72
3119	#F4B3C9	72
3120	#F4B3C9	72
3121	#FCE2EB	75
3122	#FCE2EB	75
3123	#FCE2EB	75
3124	#FCE2EB	75
3125	#F4B3C9	72
3126	#FCE2EB	75
3127	#CD1076	197
3128	#CD1076	197
3129	#CD1076	197
3130	#CD1076	197
3131	#CD1076	197
3133	#CD1076	237
3134	#CD1076	476
3135	#D12C7D	144
3136	#D12C7D	144
3137	#D12C7D	144
3138	#D12C7D	144
3139	#DA518C	36
3140	#DA518C	36
3141	#DA518C	36
3142	#DA518C	36
3143	#DA518C	36
3144	#DA518C	36
3145	#CD1076	197
3146	#DA518C	36
3147	#DA518C	36
3148	#DA518C	36
3149	#F0A2BE	32
3150	#F0A2BE	32
3151	#DA518C	36
3152	#DA518C	36
3153	#DA518C	36
3154	#F0A2BE	32
3155	#F0A2BE	32
3156	#CD1076	197
3157	#F0A2BE	32
3158	#F0A2BE	32
3159	#F0A2BE	32
3160	#F0A2BE	32
3161	#F0A2BE	32
3162	#F4B3C9	72
3163	#F4B3C9	72
3164	#F4B3C9	72
3165	#F4B3C9	72
3166	#F4B3C9	72
3167	#CD1076	197
3168	#F4B3C9	72
3169	#F4B3C9	72
3170	#F4B3C9	72
3171	#FCE2EB	75
3172	#FCE2EB	75
3173	#F4B3C9	72
3174	#FCE2EB	75
3175	#FCE2EB	75
3176	#FCE2EB	75
3177	#CD1076	197
3178	#CD1076	197
3179	#CD1076	197
3180	#CD1076	197
3181	#D12C7D	144
3183	#CD1076	237
3184	#CD1076	476
3185	#D12C7D	144
3186	#D12C7D	144
3187	#D12C7D	144
3188	#D12C7D	144
3189	#D12C7D	144
3190	#DA518C	36
3191	#DA518C	36
3192	#DA518C	36
3193	#DA518C	36
3194	#DA518C	36
3195	#CD1076	476
3196	#DA518C	36
3197	#DA518C	36
3198	#DA518C	36
3199	#F0A2BE	32
3200	#F0A2BE	32
3201	#DA518C	36
3202	#DA518C	36
3203	#DA518C	36
3204	#F0A2BE	32
3205	#F0A2BE	32
3206	#CD1076	197
3207	#F0A2BE	32
3208	#F0A2BE	32
3209	#F0A2BE	32
3210	#F0A2BE	32
3211	#F0A2BE	32
3212	#F0A2BE	32
3213	#F4B3C9	72
3214	#F4B3C9	72
3215	#F4B3C9	72
3216	#F4B3C9	72
3217	#CD1076	197
3218	#F4B3C9	72
3219	#F4B3C9	72
3220	#FCE2EB	75
3221	#FCE2EB	75
3222	#F4B3C9	72
3223	#F4B3C9	72
3224	#FCE2EB	75
3225	#FCE2EB	75
3226	#FCE2EB	75
3227	#FCE2EB	75
3228	#CD1076	197
3229	#CD1076	197
3230	#CD1076	197
3231	#CD1076	197
3232	#D12C7D	144
3234	#CD1076	237
3235	#CD1076	476
3236	#D12C7D	144
3237	#D12C7D	144
3238	#D12C7D	144
3239	#D12C7D	144
3240	#D12C7D	144
3241	#D12C7D	144
3242	#DA518C	36
3243	#DA518C	36
3244	#DA518C	36
3245	#DA518C	36
3246	#CD1076	476
3247	#DA518C	36
3248	#DA518C	36
3249	#DA518C	36
3250	#F0A2BE	32
3251	#F0A2BE	32
3252	#DA518C	36
3253	#DA518C	36
3254	#F0A2BE	32
3255	#F0A2BE	32
3256	#F0A2BE	32
3257	#CD1076	476
3258	#F0A2BE	32
3259	#F0A2BE	32
3260	#F0A2BE	32
3261	#F0A2BE	32
3262	#F0A2BE	32
3263	#F4B3C9	72
3264	#F4B3C9	72
3265	#F4B3C9	72
3266	#F4B3C9	72
3267	#F4B3C9	72
3268	#CD1076	476
3269	#F4B3C9	72
3270	#F4B3C9	72
3271	#FCE2EB	75
3272	#FCE2EB	75
3273	#F4B3C9	72
3274	#F4B3C9	72
3275	#FCE2EB	75
3276	#FCE2EB	75
3277	#FCE2EB	75
3278	#CD1076	197
3279	#CD1076	197
3280	#CD1076	197
3281	#D12C7D	144
3282	#D12C7D	144
3284	#CD1076	237
3285	#CD1076	476
3286	#D12C7D	144
3287	#D12C7D	144
3288	#D12C7D	144
3289	#D12C7D	144
3290	#D12C7D	144
3291	#D12C7D	144
3292	#DA518C	36
3293	#DA518C	36
3294	#DA518C	36
3295	#DA518C	36
3296	#CD1076	476
3297	#DA518C	36
3298	#DA518C	36
3299	#F0A2BE	32
3300	#F0A2BE	32
3301	#DA518C	36
3302	#F0A2BE	32
3303	#DA518C	36
3304	#F0A2BE	32
3305	#F0A2BE	32
3306	#F0A2BE	32
3307	#CD1076	476
3308	#F0A2BE	32
3309	#F0A2BE	32
3310	#F4B3C9	72
3311	#F0A2BE	32
3312	#F0A2BE	32
3313	#F4B3C9	72
3314	#F4B3C9	72
3315	#F4B3C9	72
3316	#F4B3C9	72
3317	#F4B3C9	72
3318	#CD1076	476
3319	#F4B3C9	72
3320	#F4B3C9	72
3321	#FCE2EB	75
3322	#FCE2EB	75
3323	#F4B3C9	72
3324	#F4B3C9	72
3325	#FCE2EB	75
3326	#FCE2EB	75
3327	#FCE2EB	75
3328	#FCE2EB	75
3329	#CD1076	197
3330	#CD1076	197
3331	#CD1076	197
3332	#D12C7D	144
3333	#D12C7D	144
3335	#CD1076	237
3336	#CD1076	476
3337	#D12C7D	144
3338	#D12C7D	144
3339	#D12C7D	144
3340	#D12C7D	144
3341	#D12C7D	144
3342	#D12C7D	144
3343	#DA518C	36
3344	#DA518C	36
3345	#DA518C	36
3346	#DA518C	36
3347	#CD1076	476
3348	#DA518C	36
3349	#F0A2BE	32
3350	#F0A2BE	32
3351	#DA518C	36
3352	#F0A2BE	32
3353	#F0A2BE	32
3354	#DA518C	36
3355	#F0A2BE	32
3356	#F0A2BE	32
3357	#F0A2BE	32
3358	#CD1076	476
3359	#F0A2BE	32
3360	#F0A2BE	32
3361	#F4B3C9	72
3362	#F0A2BE	32
3363	#F4B3C9	72
3364	#F4B3C9	72
3365	#F4B3C9	72
3366	#F4B3C9	72
3367	#F4B3C9	72
3368	#F4B3C9	72
3369	#CD1076	197
3370	#F4B3C9	72
3371	#FCE2EB	75
3372	#FCE2EB	75
3373	#F4B3C9	72
3374	#F4B3C9	72
3375	#F4B3C9	72
3376	#FCE2EB	75
3377	#FCE2EB	75
3378	#FCE2EB	75
3379	#CD1076	197
3380	#CD1076	197
3381	#D12C7D	144
3382	#D12C7D	144
3383	#D12C7D	144
3385	#CD1076	477
3386	#CD1076	477
3387	#DA518C	36
3388	#DA518C	36
3389	#DA518C	36
3390	#DA518C	36
3391	#DA518C	36
3392	#DA518C	36
3393	#DA518C	36
3394	#DA518C	36
3395	#DA518C	36
3396	#DA518C	36
3397	#CD1076	378
3398	#DA518C	36
3399	#DA518C	36
3400	#DA518C	36
3401	#DA518C	36
3402	#EE97B7	137
3403	#EE97B7	137
3404	#EE97B7	137
3405	#EE97B7	137
3406	#EE97B7	137
3407	#EE97B7	137
3408	#CD1176	350
3409	#EE97B7	137
3410	#EE97B7	137
3411	#EE97B7	137
3412	#EE97B7	137
3413	#EE97B7	137
3414	#EE97B7	137
3415	#EE97B7	137
3416	#EE97B7	137
3417	#EE97B7	137
3418	#EE97B7	137
3419	#CD1176	350
3420	#EE97B7	137
3421	#EE97B7	137
3422	#EE97B7	137
3423	#EE97B7	137
3424	#EE97B7	137
3425	#EE97B7	137
3426	#EE97B7	137
3427	#EE97B7	137
3428	#EE97B7	137
3429	#F4B3C9	72
3430	#DA518C	36
3431	#DA518C	36
3432	#DA518C	36
3433	#DA518C	36
3434	#DA518C	36
3436	#CD1076	477
3437	#CD1076	378
3438	#DA518C	36
3439	#DA518C	36
3440	#DA518C	36
3441	#DA518C	36
3442	#DA518C	36
3443	#DA518C	36
3444	#DA518C	36
3445	#DA518C	36
3446	#DA518C	36
3447	#DA518C	36
3448	#CD1176	350
3449	#DA518C	36
3450	#EE97B7	137
3451	#DA518C	36
3452	#EE97B7	137
3453	#EE97B7	137
3454	#EE97B7	137
3455	#EE97B7	137
3456	#EE97B7	137
3457	#EE97B7	137
3458	#EE97B7	137
3459	#CD1176	350
3460	#EE97B7	137
3461	#EE97B7	137
3462	#EE97B7	137
3463	#EE97B7	137
3464	#EE97B7	137
3465	#EE97B7	137
3466	#EE97B7	137
3467	#EE97B7	137
3468	#EE97B7	137
3469	#EE97B7	137
3470	#DA518C	36
3471	#EE97B7	137
3472	#EE97B7	137
3473	#EE97B7	137
3474	#EE97B7	137
3475	#EE97B7	137
3476	#EE97B7	137
3477	#EE97B7	137
3478	#EE97B7	137
3479	#F4B3C9	72
3480	#DA518C	36
3481	#DA518C	36
3482	#DA518C	36
3483	#DA518C	36
3484	#DA518C	36
3486	#CD1076	237
3487	#CD1076	237
3488	#D12C7D	144
3489	#D12C7D	144
3490	#D12C7D	144
3491	#D12C7D	144
3492	#D12C7D	144
3493	#D12C7D	144
3494	#D12C7D	144
3495	#DA518C	36
3496	#DA518C	36
3497	#DA518C	36
3498	#CD1076	476
3499	#DA518C	36
3500	#DA518C	36
3501	#DA518C	36
3502	#DA518C	36
3503	#DA518C	36
3504	#F0A2BE	32
3505	#F0A2BE	32
3506	#F0A2BE	32
3507	#F0A2BE	32
3508	#F0A2BE	32
3509	#CD1076	476
3510	#F0A2BE	32
3511	#F0A2BE	32
3512	#F4B3C9	72
3513	#F4B3C9	72
3514	#F0A2BE	32
3515	#F4B3C9	72
3516	#F4B3C9	72
3517	#F4B3C9	72
3518	#F4B3C9	72
3519	#F4B3C9	72
3520	#CD1076	476
3521	#F4B3C9	72
3522	#FCE2EB	75
3523	#FCE2EB	75
3524	#FCE2EB	75
3525	#F4B3C9	72
3526	#F4B3C9	72
3527	#FCE2EB	75
3528	#FCE2EB	75
3529	#FCE2EB	75
3530	#FCE2EB	75
3531	#CD1076	197
3532	#CD1076	197
3533	#D12C7D	144
3534	#D12C7D	144
3535	#D12C7D	144
3537	#CD1076	237
3538	#CD1076	476
3539	#D12C7D	144
3540	#D12C7D	144
3541	#D12C7D	144
3542	#D12C7D	144
3543	#D12C7D	144
3544	#D12C7D	144
3545	#DA518C	36
3546	#DA518C	36
3547	#DA518C	36
3548	#D12C7D	144
3549	#CD1076	476
3550	#DA518C	36
3551	#DA518C	36
3552	#DA518C	36
3553	#DA518C	36
3554	#F0A2BE	32
3555	#F0A2BE	32
3556	#F0A2BE	32
3557	#F0A2BE	32
3558	#F0A2BE	32
3559	#F0A2BE	32
3560	#CD1076	476
3561	#F0A2BE	32
3562	#F0A2BE	32
3563	#F4B3C9	72
3564	#F4B3C9	72
3565	#F4B3C9	72
3566	#F4B3C9	72
3567	#F4B3C9	72
3568	#F4B3C9	72
3569	#F4B3C9	72
3570	#F4B3C9	72
3571	#CD1076	197
3572	#FCE2EB	75
3573	#FCE2EB	75
3574	#F4B3C9	72
3575	#F4B3C9	72
3576	#F4B3C9	72
3577	#FCE2EB	75
3578	#FCE2EB	75
3579	#FCE2EB	75
3580	#FCE2EB	75
3581	#CD1076	197
3582	#D12C7D	144
3583	#D12C7D	144
3584	#D12C7D	144
3585	#D12C7D	144
3587	#CD1076	237
3588	#CD1076	476
3589	#D12C7D	144
3590	#D12C7D	144
3591	#D12C7D	144
3592	#D12C7D	144
3593	#D12C7D	144
3594	#D12C7D	144
3595	#DA518C	36
3596	#DA518C	36
3597	#DA518C	36
3598	#D12C7D	144
3599	#CD1076	476
3600	#D12C7D	144
3601	#DA518C	36
3602	#DA518C	36
3603	#DA518C	36
3604	#F0A2BE	32
3605	#F0A2BE	32
3606	#F0A2BE	32
3607	#F0A2BE	32
3608	#F0A2BE	32
3609	#F0A2BE	32
3610	#CD1076	476
3611	#F0A2BE	32
3612	#F0A2BE	32
3613	#F0A2BE	32
3614	#F4B3C9	72
3615	#F4B3C9	72
3616	#F4B3C9	72
3617	#F4B3C9	72
3618	#F4B3C9	72
3619	#F4B3C9	72
3620	#F4B3C9	72
3621	#CD1076	197
3622	#FCE2EB	75
3623	#FCE2EB	75
3624	#F4B3C9	72
3625	#F4B3C9	72
3626	#F4B3C9	72
3627	#FCE2EB	75
3628	#FCE2EB	75
3629	#FCE2EB	75
3630	#FCE2EB	75
3631	#FCE2EB	75
3632	#CD1076	197
3633	#D12C7D	144
3634	#D12C7D	144
3635	#D12C7D	144
3636	#D12C7D	144
3638	#CD1076	237
3639	#CD1076	476
3640	#D12C7D	144
3641	#D12C7D	144
3642	#D12C7D	144
3643	#D12C7D	144
3644	#D12C7D	144
3645	#D12C7D	144
3646	#DA518C	36
3647	#DA518C	36
3648	#D12C7D	144
3649	#DA518C	36
3650	#CD1076	476
3651	#D12C7D	144
3652	#DA518C	36
3653	#DA518C	36
3654	#F0A2BE	32
3655	#F0A2BE	32
3656	#F0A2BE	32
3657	#F0A2BE	32
3658	#F0A2BE	32
3659	#F0A2BE	32
3660	#F0A2BE	32
3661	#CD1076	197
3662	#F0A2BE	32
3663	#F0A2BE	32
3664	#F0A2BE	32
3665	#F4B3C9	72
3666	#F4B3C9	72
3667	#F4B3C9	72
3668	#F4B3C9	72
3669	#F4B3C9	72
3670	#F4B3C9	72
3671	#FCE2EB	75
3672	#CD1076	197
3673	#F4B3C9	72
3674	#F4B3C9	72
3675	#F4B3C9	72
3676	#F4B3C9	72
3677	#FCE2EB	75
3678	#FCE2EB	75
3679	#FCE2EB	75
3680	#FCE2EB	75
3681	#FCE2EB	75
3682	#D12C7D	144
3683	#D12C7D	144
3684	#D12C7D	144
3685	#D12C7D	144
3686	#D12C7D	144
3688	#CD1076	237
3689	#CD1076	476
3690	#D12C7D	144
3691	#D12C7D	144
3692	#D12C7D	144
3693	#D12C7D	144
3694	#D12C7D	144
3695	#D12C7D	144
3696	#D12C7D	144
3697	#D12C7D	144
3698	#D12C7D	144
3699	#DA518C	36
3700	#CD1076	476
3701	#DA518C	36
3702	#D12C7D	144
3703	#DA518C	36
3704	#DA518C	36
3705	#F0A2BE	32
3706	#F0A2BE	32
3707	#F0A2BE	32
3708	#F0A2BE	32
3709	#F0A2BE	32
3710	#F0A2BE	32
3711	#CD1076	197
3712	#F0A2BE	32
3713	#F0A2BE	32
3714	#F0A2BE	32
3715	#F0A2BE	32
3716	#F4B3C9	72
3717	#F4B3C9	72
3718	#F4B3C9	72
3719	#F4B3C9	72
3720	#F4B3C9	72
3721	#FCE2EB	75
3722	#CD1076	197
3723	#FCE2EB	75
3724	#F4B3C9	72
3725	#F4B3C9	72
3726	#F4B3C9	72
3727	#FCE2EB	75
3728	#FCE2EB	75
3729	#FCE2EB	75
3730	#FCE2EB	75
3731	#FCE2EB	75
3732	#FCE2EB	75
3733	#D12C7D	144
3734	#D12C7D	144
3735	#D12C7D	144
3736	#D12C7D	144
3737	#D12C7D	144
3739	#CD1076	237
3740	#CD1076	476
3741	#D12C7D	144
3742	#D12C7D	144
3743	#D12C7D	144
3744	#D12C7D	144
3745	#D12C7D	144
3746	#D12C7D	144
3747	#D12C7D	144
3748	#D12C7D	144
3749	#DA518C	36
3750	#DA518C	36
3751	#CD1076	197
3752	#D12C7D	144
3753	#D12C7D	144
3754	#DA518C	36
3755	#DA518C	36
3756	#F0A2BE	32
3757	#F0A2BE	32
3758	#F0A2BE	32
3759	#F0A2BE	32
3760	#F0A2BE	32
3761	#F0A2BE	32
3762	#CD1076	197
3763	#F0A2BE	32
3764	#F0A2BE	32
3765	#F0A2BE	32
3766	#F0A2BE	32
3767	#F4B3C9	72
3768	#F4B3C9	72
3769	#F4B3C9	72
3770	#F4B3C9	72
3771	#FCE2EB	75
3772	#F4B3C9	72
3773	#CD1076	197
3774	#F4B3C9	72
3775	#F4B3C9	72
3776	#F4B3C9	72
3777	#FCE2EB	75
3778	#FCE2EB	75
3779	#FCE2EB	75
3780	#FCE2EB	75
3781	#FCE2EB	75
3782	#FCE2EB	75
3783	#D12C7D	144
3784	#D12C7D	144
3785	#D12C7D	144
3786	#D12C7D	144
3787	#D12C7D	144
3789	#CD1076	237
3790	#CD1076	237
3791	#D12C7D	144
3792	#D12C7D	144
3793	#D12C7D	144
3794	#D12C7D	144
3795	#D12C7D	144
3796	#D12C7D	144
3797	#D12C7D	144
3798	#D12C7D	144
3799	#DA518C	36
3800	#DA518C	36
3801	#CD1076	197
3802	#DA518C	36
3803	#DA518C	36
3804	#D12C7D	144
3805	#DA518C	36
3806	#DA518C	36
3807	#F0A2BE	32
3808	#F0A2BE	32
3809	#F0A2BE	32
3810	#F0A2BE	32
3811	#F0A2BE	32
3812	#CD1076	197
3813	#F0A2BE	32
3814	#F0A2BE	32
3815	#F0A2BE	32
3816	#F0A2BE	32
3817	#F0A2BE	32
3818	#F4B3C9	72
3819	#F4B3C9	72
3820	#F4B3C9	72
3821	#FCE2EB	75
3822	#F4B3C9	72
3823	#CD1076	197
3824	#F4B3C9	72
3825	#F4B3C9	72
3826	#F4B3C9	72
3827	#FCE2EB	75
3828	#FCE2EB	75
3829	#FCE2EB	75
3830	#FCE2EB	75
3831	#FCE2EB	75
3832	#FCE2EB	75
3833	#FCE2EB	75
3834	#CD1076	197
3835	#CD1076	197
3836	#D12C7D	144
3837	#D12C7D	144
3838	#D12C7D	144
3840	#CD1076	237
3841	#CD1076	197
3842	#D12C7D	144
3843	#D12C7D	144
3844	#D12C7D	144
3845	#D12C7D	144
3846	#D12C7D	144
3847	#D12C7D	144
3848	#D12C7D	144
3849	#D12C7D	144
3850	#DA518C	36
3851	#DA518C	36
3852	#CD1076	197
3853	#DA518C	36
3854	#DA518C	36
3855	#DA518C	36
3856	#DA518C	36
3857	#DA518C	36
3858	#F0A2BE	32
3859	#F0A2BE	32
3860	#F0A2BE	32
3861	#F0A2BE	32
3862	#F0A2BE	32
3863	#CD1076	197
3864	#F0A2BE	32
3865	#F0A2BE	32
3866	#F0A2BE	32
3867	#F0A2BE	32
3868	#F0A2BE	32
3869	#F4B3C9	72
3870	#F0A2BE	32
3871	#F4B3C9	72
3872	#F4B3C9	72
3873	#F4B3C9	72
3874	#CD1076	197
3875	#F4B3C9	72
3876	#F4B3C9	72
3877	#FCE2EB	75
3878	#FCE2EB	75
3879	#FCE2EB	75
3880	#FCE2EB	75
3881	#FCE2EB	75
3882	#FCE2EB	75
3883	#FCE2EB	75
3884	#CD1076	197
3885	#D12C7D	144
3886	#D12C7D	144
3887	#D12C7D	144
3888	#D12C7D	144
3890	#CD1076	237
3891	#CD1076	197
3892	#D12C7D	144
3893	#D12C7D	144
3894	#D12C7D	144
3895	#D12C7D	144
3896	#D12C7D	144
3897	#D12C7D	144
3898	#D12C7D	144
3899	#DA518C	36
3900	#D12C7D	144
3901	#D12C7D	144
3902	#CD1076	197
3903	#DA518C	36
3904	#DA518C	36
3905	#DA518C	36
3906	#DA518C	36
3907	#F0A2BE	32
3908	#F0A2BE	32
3909	#F0A2BE	32
3910	#F0A2BE	32
3911	#F0A2BE	32
3912	#F0A2BE	32
3913	#CD1076	197
3914	#F0A2BE	32
3915	#F0A2BE	32
3916	#F0A2BE	32
3917	#F0A2BE	32
3918	#F0A2BE	32
3919	#F0A2BE	32
3920	#F0A2BE	32
3921	#F4B3C9	72
3922	#F4B3C9	72
3923	#F4B3C9	72
3924	#CD1076	197
3925	#F4B3C9	72
3926	#F4B3C9	72
3927	#FCE2EB	75
3928	#FCE2EB	75
3929	#FCE2EB	75
3930	#FCE2EB	75
3931	#FCE2EB	75
3932	#FCE2EB	75
3933	#FCE2EB	75
3934	#FCE2EB	75
3935	#CD1076	197
3936	#D12C7D	144
3937	#D12C7D	144
3938	#D12C7D	144
3939	#D12C7D	144
3941	#CD1076	237
3942	#CD1076	197
3943	#D12C7D	144
3944	#D12C7D	144
3945	#D12C7D	144
3946	#D12C7D	144
3947	#D12C7D	144
3948	#D12C7D	144
3949	#DA518C	36
3950	#DA518C	36
3951	#D12C7D	144
3952	#DA518C	36
3953	#CD1076	197
3954	#DA518C	36
3955	#DA518C	36
3956	#DA518C	36
3957	#DA518C	36
3958	#F0A2BE	32
3959	#F0A2BE	32
3960	#F0A2BE	32
3961	#F0A2BE	32
3962	#F0A2BE	32
3963	#F0A2BE	32
3964	#CD1076	197
3965	#F0A2BE	32
3966	#F0A2BE	32
3967	#F0A2BE	32
3968	#F0A2BE	32
3969	#F0A2BE	32
3970	#F0A2BE	32
3971	#F4B3C9	72
3972	#F4B3C9	72
3973	#F4B3C9	72
3974	#F4B3C9	72
3975	#CD1076	197
3976	#F4B3C9	72
3977	#FCE2EB	75
3978	#FCE2EB	75
3979	#FCE2EB	75
3980	#FCE2EB	75
3981	#FCE2EB	75
3982	#FCE2EB	75
3983	#FCE2EB	75
3984	#FCE2EB	75
3985	#D12C7D	144
3986	#D12C7D	144
3987	#D12C7D	144
3988	#D12C7D	144
3989	#D12C7D	144
3991	#CD1076	237
3992	#CD1076	237
3993	#D12C7D	144
3994	#D12C7D	144
3995	#D12C7D	144
3996	#D12C7D	144
3997	#D12C7D	144
3998	#D12C7D	144
3999	#DA518C	36
4000	#DA518C	36
4001	#D12C7D	144
4002	#D12C7D	144
4003	#CD1076	197
4004	#DA518C	36
4005	#DA518C	36
4006	#DA518C	36
4007	#DA518C	36
4008	#F0A2BE	32
4009	#F0A2BE	32
4010	#F0A2BE	32
4011	#F0A2BE	32
4012	#F0A2BE	32
4013	#F0A2BE	32
4014	#CD1076	197
4015	#F0A2BE	32
4016	#F0A2BE	32
4017	#F0A2BE	32
4018	#F0A2BE	32
4019	#F0A2BE	32
4020	#F0A2BE	32
4021	#F0A2BE	32
4022	#F4B3C9	72
4023	#F4B3C9	72
4024	#F4B3C9	72
4025	#CD1076	197
4026	#F4B3C9	72
4027	#FCE2EB	75
4028	#FCE2EB	75
4029	#FCE2EB	75
4030	#FCE2EB	75
4031	#FCE2EB	75
4032	#FCE2EB	75
4033	#FCE2EB	75
4034	#FCE2EB	75
4035	#FCE2EB	75
4036	#D12C7D	144
4037	#D12C7D	144
4038	#D12C7D	144
4039	#D12C7D	144
4040	#D12C7D	144
4042	#CD1076	477
4043	#CD1076	378
4044	#DA518C	36
4045	#DA518C	36
4046	#DA518C	36
4047	#DA518C	36
4048	#DA518C	36
4049	#DA518C	36
4050	#DA518C	36
4051	#DA518C	36
4052	#DA518C	36
4053	#DA518C	36
4054	#CD1076	378
4055	#DA518C	36
4056	#EE97B7	137
4057	#EE97B7	137
4058	#EE97B7	137
4059	#EE97B7	137
4060	#EE97B7	137
4061	#EE97B7	137
4062	#EE97B7	137
4063	#EE97B7	137
4064	#EE97B7	137
4065	#CD1176	350
4066	#EE97B7	137
4067	#EE97B7	137
4068	#EE97B7	137
4069	#EE97B7	137
4070	#EE97B7	137
4071	#EE97B7	137
4072	#EE97B7	137
4073	#EE97B7	137
4074	#EE97B7	137
4075	#EE97B7	137
4076	#DA518C	36
4077	#EE97B7	137
4078	#EE97B7	137
4079	#EE97B7	137
4080	#EE97B7	137
4081	#EE97B7	137
4082	#EE97B7	137
4083	#EE97B7	137
4084	#EE97B7	137
4085	#EE97B7	137
4086	#F4B3C9	72
4087	#DA518C	36
4088	#DA518C	36
4089	#CD1176	350
4090	#DA518C	36
4091	#DA518C	36
4093	#CD1076	477
4094	#CD1076	378
4095	#DA518C	36
4096	#DA518C	36
4097	#DA518C	36
4098	#DA518C	36
4099	#DA518C	36
4100	#DA518C	36
4101	#DA518C	36
4102	#DA518C	36
4103	#DA518C	36
4104	#DA518C	36
4105	#CD1176	350
4106	#EE97B7	137
4107	#EE97B7	137
4108	#EE97B7	137
4109	#EE97B7	137
4110	#EE97B7	137
4111	#EE97B7	137
4112	#EE97B7	137
4113	#EE97B7	137
4114	#EE97B7	137
4115	#EE97B7	137
4116	#DA518C	36
4117	#EE97B7	137
4118	#EE97B7	137
4119	#EE97B7	137
4120	#EE97B7	137
4121	#EE97B7	137
4122	#EE97B7	137
4123	#EE97B7	137
4124	#EE97B7	137
4125	#EE97B7	137
4126	#EE97B7	137
4127	#DA518C	36
4128	#EE97B7	137
4129	#EE97B7	137
4130	#EE97B7	137
4131	#EE97B7	137
4132	#EE97B7	137
4133	#EE97B7	137
4134	#EE97B7	137
4135	#EE97B7	137
4136	#EE97B7	137
4137	#DA518C	36
4138	#CD1176	350
4139	#CD1176	350
4140	#DA518C	36
4141	#DA518C	36
4143	#CD1076	477
4144	#CD1076	378
4145	#DA518C	36
4146	#DA518C	36
4147	#DA518C	36
4148	#DA518C	36
4149	#DA518C	36
4150	#DA518C	36
4151	#DA518C	36
4152	#DA518C	36
4153	#DA518C	36
4154	#DA518C	36
4155	#CD1176	350
4156	#EE97B7	137
4157	#EE97B7	137
4158	#EE97B7	137
4159	#EE97B7	137
4160	#EE97B7	137
4161	#EE97B7	137
4162	#EE97B7	137
4163	#EE97B7	137
4164	#EE97B7	137
4165	#EE97B7	137
4166	#CD1176	350
4167	#EE97B7	137
4168	#EE97B7	137
4169	#EE97B7	137
4170	#EE97B7	137
4171	#EE97B7	137
4172	#EE97B7	137
4173	#EE97B7	137
4174	#EE97B7	137
4175	#EE97B7	137
4176	#EE97B7	137
4177	#DA518C	36
4178	#EE97B7	137
4179	#EE97B7	137
4180	#EE97B7	137
4181	#EE97B7	137
4182	#EE97B7	137
4183	#EE97B7	137
4184	#EE97B7	137
4185	#EE97B7	137
4186	#EE97B7	137
4187	#EE97B7	137
4188	#DA518C	36
4189	#CD1176	350
4190	#CD1176	350
4191	#DA518C	36
4192	#DA518C	36
4194	#CD1076	477
4195	#CD1076	378
4196	#DA518C	36
4197	#DA518C	36
4198	#DA518C	36
4199	#DA518C	36
4200	#DA518C	36
4201	#DA518C	36
4202	#DA518C	36
4203	#DA518C	36
4204	#DA518C	36
4205	#EE97B7	137
4206	#CD1176	350
4207	#EE97B7	137
4208	#EE97B7	137
4209	#EE97B7	137
4210	#EE97B7	137
4211	#EE97B7	137
4212	#EE97B7	137
4213	#EE97B7	137
4214	#EE97B7	137
4215	#EE97B7	137
4216	#EE97B7	137
4217	#CD1176	350
4218	#EE97B7	137
4219	#EE97B7	137
4220	#EE97B7	137
4221	#EE97B7	137
4222	#EE97B7	137
4223	#EE97B7	137
4224	#EE97B7	137
4225	#EE97B7	137
4226	#EE97B7	137
4227	#EE97B7	137
4228	#DA518C	36
4229	#EE97B7	137
4230	#EE97B7	137
4231	#EE97B7	137
4232	#F4B3C9	72
4233	#F4B3C9	72
4234	#EE97B7	137
4235	#EE97B7	137
4236	#F4B3C9	72
4237	#F4B3C9	72
4238	#CD1176	350
4239	#CD1176	350
4240	#DA518C	36
4241	#DA518C	36
4242	#DA518C	36
4244	#CD1076	477
4245	#CD1076	477
4246	#DA518C	36
4247	#DA518C	36
4248	#DA518C	36
4249	#DA518C	36
4250	#DA518C	36
4251	#DA518C	36
4252	#DA518C	36
4253	#DA518C	36
4254	#DA518C	36
4255	#EE97B7	137
4256	#CD1176	350
4257	#EE97B7	137
4258	#EE97B7	137
4259	#EE97B7	137
4260	#EE97B7	137
4261	#EE97B7	137
4262	#EE97B7	137
4263	#EE97B7	137
4264	#EE97B7	137
4265	#EE97B7	137
4266	#EE97B7	137
4267	#CD1176	350
4268	#EE97B7	137
4269	#EE97B7	137
4270	#EE97B7	137
4271	#EE97B7	137
4272	#EE97B7	137
4273	#EE97B7	137
4274	#EE97B7	137
4275	#EE97B7	137
4276	#EE97B7	137
4277	#EE97B7	137
4278	#CD1176	350
4279	#EE97B7	137
4280	#EE97B7	137
4281	#EE97B7	137
4282	#F4B3C9	72
4283	#F4B3C9	72
4284	#F4B3C9	72
4285	#EE97B7	137
4286	#F4B3C9	72
4287	#F4B3C9	72
4288	#F4B3C9	72
4289	#CD1176	350
4290	#CD1176	350
4291	#CD1176	350
4292	#CD1176	350
4293	#DA518C	36
4295	#CD1076	477
4296	#CD1076	477
4297	#DA518C	36
4298	#DA518C	36
4299	#DA518C	36
4300	#DA518C	36
4301	#DA518C	36
4302	#DA518C	36
4303	#DA518C	36
4304	#EE97B7	137
4305	#EE97B7	137
4306	#EE97B7	137
4307	#CD1176	350
4308	#EE97B7	137
4309	#EE97B7	137
4310	#EE97B7	137
4311	#EE97B7	137
4312	#EE97B7	137
4313	#EE97B7	137
4314	#EE97B7	137
4315	#EE97B7	137
4316	#EE97B7	137
4317	#EE97B7	137
4318	#CD1176	350
4319	#EE97B7	137
4320	#EE97B7	137
4321	#EE97B7	137
4322	#EE97B7	137
4323	#EE97B7	137
4324	#EE97B7	137
4325	#EE97B7	137
4326	#EE97B7	137
4327	#EE97B7	137
4328	#EE97B7	137
4329	#CD1176	350
4330	#EE97B7	137
4331	#EE97B7	137
4332	#F4B3C9	72
4333	#F4B3C9	72
4334	#F4B3C9	72
4335	#F4B3C9	72
4336	#F4B3C9	72
4337	#F4B3C9	72
4338	#F4B3C9	72
4339	#CD1176	350
4340	#CD1176	350
4341	#CD1176	350
4342	#DA518C	36
4343	#DA518C	36
4345	#CD1076	477
4346	#CD1076	477
4347	#DA518C	36
4348	#DA518C	36
4349	#DA518C	36
4350	#DA518C	36
4351	#DA518C	36
4352	#DA518C	36
4353	#DA518C	36
4354	#EE97B7	137
4355	#EE97B7	137
4356	#EE97B7	137
4357	#CD1076	119
4358	#EE97B7	137
4359	#EE97B7	137
4360	#EE97B7	137
4361	#EE97B7	137
4362	#EE97B7	137
4363	#EE97B7	137
4364	#EE97B7	137
4365	#EE97B7	137
4366	#EE97B7	137
4367	#EE97B7	137
4368	#CD1176	350
4369	#EE97B7	137
4370	#EE97B7	137
4371	#EE97B7	137
4372	#EE97B7	137
4373	#EE97B7	137
4374	#EE97B7	137
4375	#EE97B7	137
4376	#EE97B7	137
4377	#EE97B7	137
4378	#EE97B7	137
4379	#CD1176	350
4380	#EE97B7	137
4381	#EE97B7	137
4382	#F4B3C9	72
4383	#F4B3C9	72
4384	#F4B3C9	72
4385	#F4B3C9	72
4386	#F4B3C9	72
4387	#F4B3C9	72
4388	#F4B3C9	72
4389	#F4B3C9	72
4390	#CD1176	350
4391	#CD1176	350
4392	#CD1176	350
4393	#CD1176	350
4394	#DA518C	36
4396	#CD1076	477
4397	#CD1076	119
4398	#DA518C	36
4399	#DA518C	36
4400	#DA518C	36
4401	#DA518C	36
4402	#DA518C	36
4403	#DA518C	36
4404	#EE97B7	137
4405	#EE97B7	137
4406	#EE97B7	137
4407	#EE97B7	137
4408	#CD1076	119
4409	#EE97B7	137
4410	#EE97B7	137
4411	#EE97B7	137
4412	#EE97B7	137
4413	#EE97B7	137
4414	#EE97B7	137
4415	#EE97B7	137
4416	#EE97B7	137
4417	#EE97B7	137
4418	#EE97B7	137
4419	#CD1176	350
4420	#EE97B7	137
4421	#EE97B7	137
4422	#EE97B7	137
4423	#EE97B7	137
4424	#EE97B7	137
4425	#EE97B7	137
4426	#EE97B7	137
4427	#EE97B7	137
4428	#EE97B7	137
4429	#EE97B7	137
4430	#CD1176	350
4431	#EE97B7	137
4432	#F4B3C9	72
4433	#F4B3C9	72
4434	#F4B3C9	72
4435	#F4B3C9	72
4436	#F4B3C9	72
4437	#F4B3C9	72
4438	#F4B3C9	72
4439	#F4B3C9	72
4440	#CD1176	350
4441	#CD1176	350
4442	#CD1176	350
4443	#CD1176	350
4444	#DA518C	36
4446	#CD1076	477
4447	#CD1076	119
4448	#DA518C	36
4449	#DA518C	36
4450	#DA518C	36
4451	#DA518C	36
4452	#DA518C	36
4453	#DA518C	36
4454	#EE97B7	137
4455	#EE97B7	137
4456	#EE97B7	137
4457	#EE97B7	137
4458	#CD1076	119
4459	#EE97B7	137
4460	#EE97B7	137
4461	#EE97B7	137
4462	#EE97B7	137
4463	#EE97B7	137
4464	#EE97B7	137
4465	#EE97B7	137
4466	#EE97B7	137
4467	#EE97B7	137
4468	#EE97B7	137
4469	#CD1076	119
4470	#EE97B7	137
4471	#EE97B7	137
4472	#EE97B7	137
4473	#EE97B7	137
4474	#EE97B7	137
4475	#EE97B7	137
4476	#EE97B7	137
4477	#EE97B7	137
4478	#EE97B7	137
4479	#EE97B7	137
4480	#CD1176	350
4481	#EE97B7	137
4482	#F4B3C9	72
4483	#F4B3C9	72
4484	#F4B3C9	72
4485	#F4B3C9	72
4486	#F4B3C9	72
4487	#F4B3C9	72
4488	#F4B3C9	72
4489	#F4B3C9	72
4490	#F4B3C9	72
4491	#CD1176	350
4492	#CD1176	350
4493	#CD1176	350
4494	#CD1176	350
4495	#DA518C	36
4497	#CD1076	477
4498	#CD1076	119
4499	#DA518C	36
4500	#DA518C	36
4501	#DA518C	36
4502	#DA518C	36
4503	#DA518C	36
4504	#DA518C	36
4505	#EE97B7	137
4506	#EE97B7	137
4507	#EE97B7	137
4508	#EE97B7	137
4509	#CD1076	119
4510	#DA518C	36
4511	#EE97B7	137
4512	#EE97B7	137
4513	#EE97B7	137
4514	#EE97B7	137
4515	#EE97B7	137
4516	#EE97B7	137
4517	#EE97B7	137
4518	#EE97B7	137
4519	#EE97B7	137
4520	#CD1076	119
4521	#EE97B7	137
4522	#EE97B7	137
4523	#EE97B7	137
4524	#EE97B7	137
4525	#EE97B7	137
4526	#EE97B7	137
4527	#EE97B7	137
4528	#EE97B7	137
4529	#EE97B7	137
4530	#EE97B7	137
4531	#CD1176	350
4532	#EE97B7	137
4533	#F4B3C9	72
4534	#F4B3C9	72
4535	#F4B3C9	72
4536	#F4B3C9	72
4537	#F4B3C9	72
4538	#F4B3C9	72
4539	#F4B3C9	72
4540	#F4B3C9	72
4541	#CD1176	350
4542	#CD1176	350
4543	#CD1176	350
4544	#DA518C	36
4545	#DA518C	36
4547	#CD1076	477
4548	#CD1076	378
4549	#DA518C	36
4550	#DA518C	36
4551	#DA518C	36
4552	#DA518C	36
4553	#DA518C	36
4554	#DA518C	36
4555	#DA518C	36
4556	#DA518C	36
4557	#DA518C	36
4558	#DA518C	36
4559	#CD1076	378
4560	#DA518C	36
4561	#DA518C	36
4562	#EE97B7	137
4563	#EE97B7	137
4564	#EE97B7	137
4565	#EE97B7	137
4566	#EE97B7	137
4567	#EE97B7	137
4568	#EE97B7	137
4569	#EE97B7	137
4570	#CD1076	378
4571	#EE97B7	137
4572	#EE97B7	137
4573	#EE97B7	137
4574	#EE97B7	137
4575	#EE97B7	137
4576	#EE97B7	137
4577	#EE97B7	137
4578	#EE97B7	137
4579	#EE97B7	137
4580	#EE97B7	137
4581	#CD1176	350
4582	#EE97B7	137
4583	#EE97B7	137
4584	#EE97B7	137
4585	#EE97B7	137
4586	#EE97B7	137
4587	#EE97B7	137
4588	#EE97B7	137
4589	#EE97B7	137
4590	#EE97B7	137
4591	#F4B3C9	72
4592	#CD1176	350
4593	#CD1176	350
4594	#D43781	236
4595	#D43781	236
4596	#D43781	236
4598	#CD1076	477
4599	#CD1076	378
4600	#DA518C	36
4601	#DA518C	36
4602	#DA518C	36
4603	#DA518C	36
4604	#DA518C	36
4605	#DA518C	36
4606	#DA518C	36
4607	#DA518C	36
4608	#DA518C	36
4609	#DA518C	36
4610	#CD1076	378
4611	#DA518C	36
4612	#DA518C	36
4613	#EE97B7	137
4614	#EE97B7	137
4615	#EE97B7	137
4616	#EE97B7	137
4617	#EE97B7	137
4618	#EE97B7	137
4619	#EE97B7	137
4620	#EE97B7	137
4621	#CD1076	378
4622	#EE97B7	137
4623	#EE97B7	137
4624	#EE97B7	137
4625	#EE97B7	137
4626	#EE97B7	137
4627	#EE97B7	137
4628	#EE97B7	137
4629	#EE97B7	137
4630	#EE97B7	137
4631	#EE97B7	137
4632	#CD1176	350
4633	#EE97B7	137
4634	#EE97B7	137
4635	#EE97B7	137
4636	#EE97B7	137
4637	#EE97B7	137
4638	#EE97B7	137
4639	#EE97B7	137
4640	#EE97B7	137
4641	#EE97B7	137
4642	#CD1176	350
4643	#CD1176	350
4644	#D43781	236
4645	#D43781	236
4646	#D43781	236
4648	#CD1076	477
4649	#CD1076	378
4650	#D43781	236
4651	#DA518C	36
4652	#DA518C	36
4653	#DA518C	36
4654	#DA518C	36
4655	#DA518C	36
4656	#DA518C	36
4657	#DA518C	36
4658	#DA518C	36
4659	#DA518C	36
4660	#CD1076	378
4661	#DA518C	36
4662	#DA518C	36
4663	#DA518C	36
4664	#EE97B7	137
4665	#EE97B7	137
4666	#EE97B7	137
4667	#EE97B7	137
4668	#EE97B7	137
4669	#EE97B7	137
4670	#EE97B7	137
4671	#CD1076	378
4672	#EE97B7	137
4673	#EE97B7	137
4674	#EE97B7	137
4675	#EE97B7	137
4676	#EE97B7	137
4677	#EE97B7	137
4678	#EE97B7	137
4679	#EE97B7	137
4680	#EE97B7	137
4681	#EE97B7	137
4682	#CD1076	378
4683	#EE97B7	137
4684	#EE97B7	137
4685	#EE97B7	137
4686	#EE97B7	137
4687	#EE97B7	137
4688	#EE97B7	137
4689	#EE97B7	137
4690	#EE97B7	137
4691	#EE97B7	137
4692	#EE97B7	137
4693	#CD1176	350
4694	#CD1176	350
4695	#CD1176	350
4696	#D43781	236
4697	#D43781	236
4699	#CD1076	477
4700	#CD1076	378
4701	#D43781	236
4702	#DA518C	36
4703	#DA518C	36
4704	#DA518C	36
4705	#DA518C	36
4706	#DA518C	36
4707	#DA518C	36
4708	#DA518C	36
4709	#DA518C	36
4710	#DA518C	36
4711	#CD1076	378
4712	#DA518C	36
4713	#DA518C	36
4714	#DA518C	36
4715	#EE97B7	137
4716	#EE97B7	137
4717	#EE97B7	137
4718	#EE97B7	137
4719	#EE97B7	137
4720	#EE97B7	137
4721	#EE97B7	137
4722	#CD1076	378
4723	#EE97B7	137
4724	#EE97B7	137
4725	#EE97B7	137
4726	#EE97B7	137
4727	#EE97B7	137
4728	#EE97B7	137
4729	#EE97B7	137
4730	#EE97B7	137
4731	#EE97B7	137
4732	#EE97B7	137
4733	#CD1076	378
4734	#EE97B7	137
4735	#EE97B7	137
4736	#EE97B7	137
4737	#EE97B7	137
4738	#EE97B7	137
4739	#EE97B7	137
4740	#EE97B7	137
4741	#EE97B7	137
4742	#EE97B7	137
4743	#CD1176	350
4744	#CD1176	350
4745	#CD1176	350
4746	#D43781	236
4747	#D43781	236
4749	#CD1076	477
4750	#CD1076	378
4751	#D43781	236
4752	#D43781	236
4753	#DA518C	36
4754	#DA518C	36
4755	#DA518C	36
4756	#DA518C	36
4757	#DA518C	36
4758	#DA518C	36
4759	#DA518C	36
4760	#DA518C	36
4761	#CD1076	378
4762	#DA518C	36
4763	#DA518C	36
4764	#DA518C	36
4765	#DA518C	36
4766	#EE97B7	137
4767	#EE97B7	137
4768	#EE97B7	137
4769	#EE97B7	137
4770	#EE97B7	137
4771	#EE97B7	137
4772	#CD1076	378
4773	#EE97B7	137
4774	#EE97B7	137
4775	#EE97B7	137
4776	#EE97B7	137
4777	#EE97B7	137
4778	#EE97B7	137
4779	#EE97B7	137
4780	#EE97B7	137
4781	#EE97B7	137
4782	#EE97B7	137
4783	#CD1076	378
4784	#EE97B7	137
4785	#EE97B7	137
4786	#EE97B7	137
4787	#EE97B7	137
4788	#EE97B7	137
4789	#EE97B7	137
4790	#EE97B7	137
4791	#EE97B7	137
4792	#EE97B7	137
4793	#EE97B7	137
4794	#CD1176	350
4795	#CD1176	350
4796	#CD1176	350
4797	#D43781	236
4798	#D43781	236
4800	#CD1076	477
4801	#CD1076	378
4802	#D43781	236
4803	#D43781	236
4804	#DA518C	36
4805	#DA518C	36
4806	#DA518C	36
4807	#DA518C	36
4808	#D43781	236
4809	#DA518C	36
4810	#DA518C	36
4811	#DA518C	36
4812	#CD1076	378
4813	#DA518C	36
4814	#DA518C	36
4815	#DA518C	36
4816	#DA518C	36
4817	#EE97B7	137
4818	#EE97B7	137
4819	#EE97B7	137
4820	#DA518C	36
4821	#DA518C	36
4822	#EE97B7	137
4823	#CD1076	378
4824	#EE97B7	137
4825	#EE97B7	137
4826	#EE97B7	137
4827	#EE97B7	137
4828	#EE97B7	137
4829	#EE97B7	137
4830	#EE97B7	137
4831	#EE97B7	137
4832	#EE97B7	137
4833	#EE97B7	137
4834	#CD1176	350
4835	#EE97B7	137
4836	#EE97B7	137
4837	#EE97B7	137
4838	#EE97B7	137
4839	#EE97B7	137
4840	#EE97B7	137
4841	#EE97B7	137
4842	#EE97B7	137
4843	#EE97B7	137
4844	#CD1176	350
4845	#CD1176	350
4846	#D43781	236
4847	#D43781	236
4848	#D43781	236
4850	#CD1076	477
4851	#CD1076	378
4852	#D43781	236
4853	#D43781	236
4854	#D43781	236
4855	#DA518C	36
4856	#DA518C	36
4857	#DA518C	36
4858	#D43781	236
4859	#DA518C	36
4860	#DA518C	36
4861	#DA518C	36
4862	#CD1076	378
4863	#DA518C	36
4864	#DA518C	36
4865	#DA518C	36
4866	#DA518C	36
4867	#DA518C	36
4868	#EE97B7	137
4869	#EE97B7	137
4870	#DA518C	36
4871	#DA518C	36
4872	#EE97B7	137
4873	#CD1076	378
4874	#EE97B7	137
4875	#EE97B7	137
4876	#EE97B7	137
4877	#EE97B7	137
4878	#EE97B7	137
4879	#EE97B7	137
4880	#EE97B7	137
4881	#EE97B7	137
4882	#EE97B7	137
4883	#EE97B7	137
4884	#CD1176	350
4885	#EE97B7	137
4886	#EE97B7	137
4887	#EE97B7	137
4888	#EE97B7	137
4889	#EE97B7	137
4890	#EE97B7	137
4891	#EE97B7	137
4892	#EE97B7	137
4893	#EE97B7	137
4894	#EE97B7	137
4895	#CD1176	350
4896	#CD1176	350
4897	#D43781	236
4898	#CD1176	350
4899	#D43781	236
4901	#CD1076	477
4902	#CD1076	378
4903	#D43781	236
4904	#D43781	236
4905	#D43781	236
4906	#DA518C	36
4907	#DA518C	36
4908	#D43781	236
4909	#D43781	236
4910	#DA518C	36
4911	#DA518C	36
4912	#DA518C	36
4913	#CD1076	378
4914	#DA518C	36
4915	#DA518C	36
4916	#DA518C	36
4917	#DA518C	36
4918	#DA518C	36
4919	#EE97B7	137
4920	#DA518C	36
4921	#DA518C	36
4922	#DA518C	36
4923	#EE97B7	137
4924	#CD1176	350
4925	#EE97B7	137
4926	#EE97B7	137
4927	#EE97B7	137
4928	#EE97B7	137
4929	#EE97B7	137
4930	#EE97B7	137
4931	#EE97B7	137
4932	#EE97B7	137
4933	#EE97B7	137
4934	#EE97B7	137
4935	#CD1176	350
4936	#EE97B7	137
4937	#EE97B7	137
4938	#EE97B7	137
4939	#EE97B7	137
4940	#EE97B7	137
4941	#EE97B7	137
4942	#EE97B7	137
4943	#EE97B7	137
4944	#EE97B7	137
4945	#CD1176	350
4946	#CD1176	350
4947	#CD1176	350
4948	#CD1176	350
4949	#D43781	236
4951	#CD1076	477
4952	#CD1076	378
4953	#D43781	236
4954	#D43781	236
4955	#D43781	236
4956	#D43781	236
4957	#DA518C	36
4958	#D43781	236
4959	#D43781	236
4960	#D43781	236
4961	#DA518C	36
4962	#DA518C	36
4963	#CD1076	378
4964	#DA518C	36
4965	#DA518C	36
4966	#DA518C	36
4967	#DA518C	36
4968	#DA518C	36
4969	#DA518C	36
4970	#DA518C	36
4971	#DA518C	36
4972	#DA518C	36
4973	#EE97B7	137
4974	#CD1076	378
4975	#EE97B7	137
4976	#EE97B7	137
4977	#EE97B7	137
4978	#EE97B7	137
4979	#EE97B7	137
4980	#EE97B7	137
4981	#EE97B7	137
4982	#EE97B7	137
4983	#EE97B7	137
4984	#EE97B7	137
4985	#CD1176	350
4986	#EE97B7	137
4987	#EE97B7	137
4988	#EE97B7	137
4989	#EE97B7	137
4990	#EE97B7	137
4991	#EE97B7	137
4992	#EE97B7	137
4993	#EE97B7	137
4994	#EE97B7	137
4995	#EE97B7	137
4996	#CD1176	350
4997	#CD1176	350
4998	#CD1176	350
4999	#CD1176	350
5000	#CD1176	350
5002	#CD1076	477
5003	#CD1076	378
5004	#D43781	236
5005	#D43781	236
5006	#D43781	236
5007	#D43781	236
5008	#D43781	236
5009	#D43781	236
5010	#D43781	236
5011	#D43781	236
5012	#DA518C	36
5013	#DA518C	36
5014	#CD1076	378
5015	#DA518C	36
5016	#DA518C	36
5017	#DA518C	36
5018	#DA518C	36
5019	#DA518C	36
5020	#DA518C	36
5021	#DA518C	36
5022	#DA518C	36
5023	#EE97B7	137
5024	#EE97B7	137
5025	#CD1176	350
5026	#EE97B7	137
5027	#EE97B7	137
5028	#EE97B7	137
5029	#EE97B7	137
5030	#EE97B7	137
5031	#EE97B7	137
5032	#EE97B7	137
5033	#EE97B7	137
5034	#EE97B7	137
5035	#EE97B7	137
5036	#CD1176	350
5037	#EE97B7	137
5038	#EE97B7	137
5039	#EE97B7	137
5040	#EE97B7	137
5041	#EE97B7	137
5042	#EE97B7	137
5043	#EE97B7	137
5044	#EE97B7	137
5045	#EE97B7	137
5046	#CD1176	350
5047	#CD1176	350
5048	#CD1176	350
5049	#CD1176	350
5050	#CD1176	350
5052	#CD1076	477
5053	#CD1076	378
5054	#D43781	236
5055	#D43781	236
5056	#D43781	236
5057	#D43781	236
5058	#D43781	236
5059	#D43781	236
5060	#D43781	236
5061	#D43781	236
5062	#D43781	236
5063	#DA518C	36
5064	#CD1076	378
5065	#DA518C	36
5066	#DA518C	36
5067	#DA518C	36
5068	#DA518C	36
5069	#DA518C	36
5070	#DA518C	36
5071	#DA518C	36
5072	#DA518C	36
5073	#EE97B7	137
5074	#EE97B7	137
5075	#CD1076	378
5076	#EE97B7	137
5077	#EE97B7	137
5078	#EE97B7	137
5079	#EE97B7	137
5080	#EE97B7	137
5081	#EE97B7	137
5082	#EE97B7	137
5083	#EE97B7	137
5084	#EE97B7	137
5085	#EE97B7	137
5086	#CD1176	350
5087	#EE97B7	137
5088	#EE97B7	137
5089	#EE97B7	137
5090	#EE97B7	137
5091	#EE97B7	137
5092	#EE97B7	137
5093	#EE97B7	137
5094	#EE97B7	137
5095	#EE97B7	137
5096	#EE97B7	137
5097	#CD1176	350
5098	#CD1176	350
5099	#CD1176	350
5100	#CD1176	350
5101	#D43781	236
