group	x	y	showSelected1
1	-20	24	3
1	-20	24	241
1	-20	24	282
74	30	24	3
74	30	24	241
74	30	24	282
74	30	24	484
74	30	24	233
74	30	24	154
74	30	24	29
74	30	24	358
74	30	24	656
74	30	24	235
74	30	24	727
74	30	24	37
74	30	24	2
74	30	24	414
74	30	24	728
74	30	24	444
74	30	24	566
74	30	24	563
74	30	24	140
74	30	24	562
75	30	74	3
75	30	74	154
4	80	74	3
4	80	74	694
4	80	74	449
4	80	74	154
4	80	74	29
4	80	74	194
4	80	74	48
4	80	74	95
4	80	74	639
4	80	74	580
4	80	74	660
4	80	74	387
3	80	124	3
3	80	124	154
27	130	124	3
27	130	124	154
27	130	124	130
27	130	124	643
27	130	124	421
27	130	124	120
27	130	124	29
27	130	124	141
27	130	124	386
27	130	124	750
27	130	124	598
27	130	124	599
27	130	124	240
32	180	174	3
32	180	174	120
32	180	174	130
32	180	174	113
32	180	174	315
32	180	174	49
32	180	174	4
32	180	174	623
38	230	224	3
38	230	224	187
38	230	224	315
38	230	224	180
38	230	224	49
39	230	274	3
45	280	274	3
45	280	274	243
45	280	274	209
45	280	274	247
45	280	274	359
45	280	274	4
45	280	274	522
46	280	324	3
61	380	374	3
61	380	374	34
61	380	374	9
61	380	374	73
61	380	374	615
61	380	374	416
61	380	374	732
61	380	374	296
62	380	424	3
71	430	424	3
71	430	424	73
71	430	424	221
71	430	424	370
71	430	424	732
71	430	424	196
71	430	424	226
72	430	474	3
72	430	474	370
84	480	474	3
84	480	474	89
84	480	474	370
84	480	474	226
84	480	474	196
86	480	524	89
97	530	524	89
97	530	524	226
97	530	524	325
97	530	524	244
97	530	524	8
97	530	524	760
97	530	524	701
97	530	524	332
97	530	524	466
97	530	524	501
98	530	574	89
110	580	574	89
110	580	574	8
110	580	574	259
110	580	574	275
110	580	574	447
110	580	574	334
111	580	624	275
111	580	624	89
124	630	624	89
124	630	624	275
124	630	624	389
28	130	174	3
28	130	174	120
53	330	324	3
53	330	324	395
33	180	224	3
2	80	24	154
2	80	24	29
2	80	24	37
2	80	24	444
2	80	24	639
2	80	24	233
2	80	24	562
2	80	24	235
2	80	24	387
2	80	24	140
2	80	24	563
2	80	24	558
2	80	24	661
2	80	24	480
2	80	24	186
2	80	24	360
2	80	24	181
2	80	24	464
2	80	24	156
2	80	24	465
2	80	24	22
2	80	24	220
2	80	24	225
2	80	24	391
31	180	124	120
31	180	124	130
31	180	124	750
31	180	124	113
31	180	124	141
31	180	124	29
31	180	124	49
31	180	124	623
31	180	124	598
31	180	124	4
31	180	124	574
31	180	124	31
31	180	124	494
31	180	124	124
31	180	124	641
44	280	224	3
44	280	224	180
44	280	224	359
44	280	224	4
44	280	224	315
44	280	224	49
44	280	224	247
44	280	224	522
44	280	224	721
44	280	224	457
44	280	224	152
83	480	424	370
83	480	424	3
83	480	424	196
83	480	424	221
83	480	424	226
83	480	424	89
83	480	424	55
83	480	424	61
83	480	424	364
109	580	524	89
109	580	524	8
109	580	524	259
109	580	524	332
109	580	524	334
109	580	524	325
109	580	524	501
109	580	524	280
109	580	524	151
109	580	524	439
29	130	74	154
29	130	74	29
29	130	74	48
29	130	74	386
29	130	74	95
29	130	74	421
29	130	74	660
29	130	74	599
29	130	74	240
29	130	74	387
29	130	74	598
29	130	74	574
29	130	74	156
29	130	74	70
29	130	74	360
29	130	74	756
29	130	74	204
37	230	174	3
37	230	174	315
37	230	174	113
37	230	174	49
37	230	174	4
37	230	174	295
37	230	174	494
37	230	174	404
37	230	174	38
37	230	174	731
70	430	374	3
70	430	374	73
70	430	374	34
70	430	374	732
70	430	374	640
70	430	374	416
70	430	374	226
70	430	374	192
70	430	374	296
70	430	374	221
70	430	374	585
70	430	374	17
70	430	374	55
70	430	374	61
70	430	374	740
95	530	474	89
95	530	474	226
95	530	474	244
95	530	474	701
95	530	474	556
95	530	474	325
95	530	474	466
95	530	474	501
95	530	474	332
95	530	474	230
95	530	474	344
95	530	474	452
95	530	474	755
95	530	474	689
95	530	474	412
52	330	274	3
52	330	274	243
52	330	274	395
52	330	274	209
52	330	274	247
52	330	274	522
52	330	274	80
52	330	274	180
52	330	274	13
52	330	274	162
123	630	574	89
123	630	574	275
123	630	574	259
123	630	574	307
123	630	574	389
123	630	574	510
123	630	574	8
123	630	574	334
123	630	574	539
123	630	574	280
123	630	574	134
60	380	324	3
60	380	324	395
60	380	324	9
60	380	324	615
60	380	324	296
60	380	324	34
60	380	324	80
60	380	324	77
26	130	24	387
26	130	24	29
26	130	24	360
26	130	24	574
26	130	24	156
26	130	24	322
26	130	24	683
26	130	24	465
26	130	24	564
26	130	24	684
26	130	24	464
26	130	24	225
26	130	24	204
26	130	24	220
26	130	24	391
26	130	24	22
26	130	24	70
26	130	24	147
26	130	24	369
26	130	24	704
26	130	24	111
26	130	24	333
26	130	24	57
34	180	74	598
34	180	74	240
34	180	74	29
34	180	74	574
34	180	74	70
34	180	74	31
34	180	74	163
34	180	74	402
34	180	74	494
34	180	74	641
34	180	74	204
34	180	74	124
34	180	74	133
34	180	74	540
34	180	74	176
34	180	74	11
34	180	74	725
34	180	74	116
36	230	124	49
36	230	124	4
36	230	124	494
36	230	124	124
36	230	124	731
36	230	124	404
36	230	124	403
36	230	124	161
43	280	174	49
43	280	174	295
43	280	174	315
43	280	174	4
43	280	174	721
43	280	174	38
43	280	174	180
43	280	174	152
43	280	174	404
51	330	224	522
51	330	224	247
51	330	224	180
51	330	224	4
51	330	224	13
51	330	224	457
51	330	224	162
51	330	224	152
51	330	224	3
51	330	224	80
51	330	224	219
51	330	224	218
51	330	224	155
69	430	324	34
69	430	324	296
69	430	324	3
69	430	324	17
69	430	324	585
69	430	324	615
69	430	324	740
69	430	324	514
69	430	324	77
69	430	324	283
69	430	324	123
69	430	324	80
69	430	324	61
69	430	324	483
69	430	324	450
69	430	324	149
82	480	374	221
82	480	374	226
82	480	374	73
82	480	374	55
82	480	374	364
82	480	374	61
82	480	374	529
94	530	424	89
94	530	424	226
94	530	424	489
94	530	424	61
94	530	424	55
94	530	424	364
94	530	424	412
107	580	474	325
107	580	474	332
107	580	474	226
107	580	474	230
107	580	474	8
107	580	474	151
107	580	474	755
107	580	474	452
107	580	474	689
107	580	474	344
107	580	474	552
107	580	474	582
107	580	474	412
122	630	524	334
122	630	524	8
122	630	524	280
122	630	524	27
122	630	524	482
122	630	524	439
122	630	524	307
122	630	524	486
136	680	574	275
136	680	574	539
136	680	574	134
136	680	574	307
136	680	574	371
59	380	274	3
59	380	274	80
30	180	24	204
30	180	24	70
30	180	24	705
30	180	24	116
30	180	24	369
30	180	24	163
30	180	24	111
30	180	24	156
30	180	24	57
30	180	24	11
30	180	24	203
30	180	24	331
30	180	24	725
30	180	24	333
30	180	24	400
30	180	24	376
30	180	24	367
30	180	24	272
30	180	24	324
42	280	124	404
42	280	124	38
42	280	124	731
42	280	124	161
42	280	124	403
42	280	124	180
42	280	124	124
42	280	124	401
42	280	124	357
42	280	124	101
42	280	124	719
42	280	124	42
42	280	124	354
42	280	124	229
42	280	124	287
42	280	124	714
58	380	224	80
58	380	224	162
58	380	224	3
58	380	224	436
58	380	224	218
58	380	224	219
58	380	224	35
81	480	324	61
81	480	324	17
81	480	324	529
81	480	324	123
81	480	324	55
81	480	324	483
81	480	324	450
81	480	324	671
81	480	324	722
81	480	324	636
81	480	324	390
81	480	324	442
81	480	324	314
81	480	324	276
106	580	424	412
106	580	424	226
106	580	424	344
106	580	424	452
106	580	424	489
106	580	424	89
106	580	424	689
106	580	424	582
106	580	424	230
106	580	424	552
106	580	424	260
106	580	424	245
106	580	424	83
106	580	424	15
106	580	424	377
135	680	524	307
135	680	524	134
135	680	524	8
135	680	524	27
135	680	524	486
135	680	524	371
135	680	524	375
135	680	524	33
135	680	524	213
40	230	74	124
40	230	74	540
40	230	74	176
40	230	74	161
40	230	74	31
40	230	74	11
40	230	74	125
40	230	74	725
40	230	74	101
40	230	74	199
40	230	74	613
40	230	74	761
50	330	174	152
50	330	174	457
50	330	174	180
50	330	174	155
50	330	174	357
50	330	174	219
50	330	174	166
50	330	174	218
50	330	174	43
50	330	174	717
50	330	174	346
93	530	374	61
93	530	374	364
93	530	374	55
93	530	374	89
93	530	374	489
93	530	374	349
93	530	374	198
120	630	474	8
120	630	474	151
120	630	474	280
120	630	474	27
120	630	474	582
120	630	474	15
120	630	474	248
68	430	274	80
68	430	274	3
68	430	274	77
68	430	274	149
68	430	274	450
68	430	274	123
68	430	274	436
35	230	24	725
35	230	24	331
35	230	24	11
35	230	24	203
35	230	24	116
35	230	24	337
35	230	24	508
35	230	24	125
35	230	24	761
35	230	24	367
35	230	24	101
35	230	24	309
35	230	24	324
35	230	24	376
35	230	24	272
35	230	24	485
35	230	24	488
35	230	24	311
35	230	24	700
35	230	24	53
35	230	24	246
35	230	24	407
35	230	24	121
35	230	24	588
47	280	74	124
47	280	74	401
47	280	74	613
47	280	74	101
47	280	74	42
47	280	74	327
47	280	74	125
47	280	74	321
47	280	74	714
47	280	74	567
47	280	74	287
47	280	74	63
47	280	74	53
47	280	74	263
49	330	124	180
49	330	124	357
49	330	124	354
49	330	124	43
49	330	124	229
49	330	124	287
49	330	124	719
49	330	124	674
49	330	124	382
49	330	124	166
49	330	124	713
49	330	124	63
49	330	124	679
49	330	124	399
57	380	174	219
57	380	174	218
57	380	174	339
57	380	174	155
57	380	174	166
57	380	174	717
57	380	174	346
57	380	174	753
57	380	174	35
57	380	174	436
57	380	174	153
57	380	174	343
57	380	174	754
57	380	174	417
80	480	274	123
80	480	274	3
80	480	274	636
80	480	274	149
80	480	274	618
80	480	274	442
80	480	274	436
80	480	274	742
80	480	274	77
80	480	274	17
80	480	274	415
80	480	274	276
80	480	274	298
80	480	274	80
80	480	274	329
80	480	274	533
80	480	274	490
92	530	324	55
92	530	324	61
92	530	324	671
92	530	324	17
92	530	324	314
92	530	324	610
92	530	324	252
92	530	324	105
92	530	324	554
105	580	374	89
105	580	374	349
105	580	374	30
105	580	374	245
105	580	374	198
105	580	374	61
105	580	374	20
105	580	374	425
119	630	424	582
119	630	424	15
119	630	424	260
119	630	424	151
119	630	424	83
119	630	424	8
119	630	424	377
119	630	424	583
119	630	424	245
119	630	424	126
119	630	424	303
119	630	424	248
119	630	424	92
119	630	424	231
133	680	474	27
133	680	474	33
133	680	474	248
133	680	474	213
133	680	474	8
133	680	474	649
133	680	474	68
133	680	474	273
147	730	524	371
147	730	524	375
147	730	524	213
147	730	524	502
147	730	524	68
67	430	224	3
67	430	224	436
67	430	224	80
41	280	24	101
41	280	24	53
41	280	24	11
41	280	24	700
41	280	24	121
41	280	24	588
41	280	24	177
41	280	24	263
41	280	24	311
41	280	24	75
41	280	24	246
41	280	24	210
41	280	24	555
41	280	24	285
41	280	24	36
41	280	24	609
41	280	24	385
41	280	24	473
56	380	124	166
56	380	124	43
56	380	124	155
56	380	124	382
56	380	124	346
56	380	124	63
56	380	124	153
56	380	124	96
56	380	124	343
56	380	124	399
56	380	124	754
56	380	124	678
56	380	124	417
56	380	124	297
56	380	124	601
56	380	124	148
56	380	124	12
56	380	124	250
104	580	324	61
104	580	324	198
104	580	324	252
104	580	324	20
104	580	324	105
104	580	324	629
104	580	324	626
104	580	324	425
104	580	324	730
104	580	324	422
132	680	424	8
132	680	424	248
132	680	424	151
132	680	424	33
132	680	424	92
132	680	424	83
132	680	424	273
132	680	424	24
132	680	424	231
132	680	424	79
132	680	424	617
132	680	424	84
54	330	74	287
54	330	74	714
54	330	74	229
54	330	74	63
54	330	74	679
54	330	74	53
54	330	74	263
54	330	74	399
54	330	74	297
54	330	74	75
54	330	74	184
54	330	74	666
54	330	74	462
54	330	74	32
54	330	74	72
54	330	74	595
66	430	174	436
66	430	174	35
66	430	174	3
66	430	174	218
66	430	174	80
66	430	174	219
66	430	174	339
66	430	174	586
66	430	174	498
66	430	174	417
66	430	174	420
66	430	174	298
66	430	174	511
91	530	274	17
91	530	274	276
91	530	274	314
91	530	274	123
91	530	274	746
91	530	274	105
91	530	274	374
91	530	274	490
91	530	274	672
91	530	274	554
91	530	274	3
91	530	274	149
91	530	274	525
91	530	274	52
91	530	274	20
91	530	274	169
91	530	274	670
91	530	274	380
118	630	374	245
118	630	374	83
118	630	374	126
118	630	374	377
118	630	374	30
118	630	374	198
118	630	374	94
118	630	374	20
118	630	374	425
118	630	374	531
118	630	374	231
118	630	374	409
118	630	374	84
145	730	474	213
145	730	474	502
145	730	474	68
145	730	474	33
145	730	474	336
145	730	474	437
145	730	474	266
145	730	474	91
145	730	474	469
145	730	474	173
79	480	224	80
79	480	224	436
79	480	224	3
79	480	224	149
79	480	224	298
79	480	224	498
79	480	224	329
79	480	224	123
79	480	224	511
48	330	24	75
48	330	24	263
48	330	24	184
48	330	24	555
48	330	24	210
48	330	24	177
48	330	24	32
48	330	24	36
48	330	24	279
48	330	24	474
48	330	24	72
48	330	24	385
48	330	24	595
48	330	24	473
48	330	24	246
48	330	24	99
48	330	24	197
48	330	24	144
48	330	24	491
48	330	24	59
48	330	24	237
63	380	74	297
63	380	74	399
63	380	74	462
63	380	74	72
63	380	74	148
63	380	74	75
63	380	74	678
63	380	74	137
63	380	74	715
65	430	124	417
65	430	124	339
65	430	124	153
65	430	124	96
65	430	124	12
65	430	124	678
65	430	124	250
65	430	124	35
65	430	124	167
65	430	124	538
65	430	124	519
90	530	224	149
90	530	224	123
90	530	224	3
90	530	224	52
90	530	224	298
90	530	224	380
90	530	224	664
90	530	224	35
90	530	224	657
90	530	224	665
90	530	224	109
90	530	224	242
103	580	274	105
103	580	274	20
103	580	274	525
103	580	274	169
103	580	274	746
103	580	274	52
103	580	274	422
103	580	274	433
117	630	324	198
117	630	324	425
117	630	324	20
117	630	324	126
117	630	324	105
117	630	324	422
117	630	324	84
117	630	324	169
117	630	324	110
117	630	324	536
131	680	374	231
131	680	374	83
131	680	374	126
131	680	374	79
131	680	374	24
131	680	374	84
131	680	374	634
131	680	374	92
131	680	374	720
131	680	374	90
144	730	424	33
144	730	424	92
144	730	424	469
144	730	424	617
144	730	424	91
144	730	424	173
144	730	424	308
144	730	424	106
156	780	474	68
156	780	474	266
156	780	474	91
78	480	174	511
78	480	174	80
78	480	174	3
78	480	174	35
78	480	174	298
55	380	24	75
55	380	24	72
55	380	24	32
55	380	24	36
55	380	24	144
55	380	24	137
55	380	24	197
55	380	24	394
55	380	24	237
55	380	24	476
55	380	24	350
55	380	24	119
55	380	24	236
55	380	24	477
55	380	24	378
77	480	124	35
77	480	124	12
77	480	124	80
77	480	124	3
77	480	124	411
77	480	124	298
77	480	124	164
77	480	124	519
77	480	124	264
77	480	124	14
102	580	224	52
102	580	224	169
102	580	224	665
102	580	224	109
102	580	224	433
102	580	224	3
102	580	224	20
102	580	224	242
102	580	224	392
102	580	224	764
130	680	324	84
130	680	324	720
130	680	324	126
130	680	324	169
130	680	324	90
130	680	324	110
130	680	324	92
130	680	324	536
130	680	324	25
130	680	324	281
155	780	424	91
155	780	424	743
155	780	424	695
155	780	424	106
155	780	424	266
155	780	424	617
155	780	424	308
155	780	424	87
155	780	424	396
73	430	74	678
73	430	74	148
73	430	74	167
73	430	74	250
73	430	74	12
73	430	74	72
73	430	74	446
73	430	74	715
73	430	74	323
73	430	74	594
73	430	74	538
73	430	74	23
73	430	74	137
73	430	74	621
73	430	74	622
116	630	274	422
116	630	274	20
116	630	274	169
116	630	274	110
116	630	274	536
116	630	274	608
143	730	374	92
143	730	374	634
143	730	374	505
143	730	374	617
143	730	374	758
143	730	374	308
143	730	374	84
143	730	374	106
143	730	374	91
143	730	374	25
89	530	174	298
89	530	174	35
89	530	174	3
89	530	174	657
89	530	174	242
89	530	174	289
89	530	174	14
64	430	24	72
64	430	24	137
64	430	24	594
64	430	24	253
64	430	24	36
64	430	24	236
64	430	24	274
64	430	24	350
64	430	24	378
64	430	24	622
64	430	24	477
64	430	24	658
64	430	24	108
64	430	24	174
64	430	24	745
64	430	24	429
85	480	74	12
85	480	74	538
85	480	74	264
85	480	74	23
85	480	74	164
85	480	74	250
85	480	74	323
85	480	74	122
85	480	74	35
85	480	74	622
85	480	74	607
85	480	74	644
101	580	174	3
101	580	174	242
101	580	174	52
101	580	174	289
101	580	174	109
101	580	174	298
101	580	174	14
101	580	174	764
101	580	174	448
101	580	174	461
101	580	174	342
115	630	224	169
115	630	224	20
115	630	224	735
115	630	224	608
115	630	224	52
115	630	224	764
129	680	274	110
129	680	274	536
129	680	274	169
129	680	274	608
129	680	274	41
129	680	274	696
142	730	324	84
142	730	324	25
142	730	324	281
142	730	324	90
142	730	324	110
142	730	324	91
142	730	324	702
142	730	324	206
142	730	324	169
142	730	324	697
154	780	374	106
154	780	374	308
154	780	374	87
154	780	374	84
154	780	374	320
154	780	374	652
154	780	374	743
154	780	374	91
154	780	374	431
154	780	374	365
165	830	424	91
165	830	424	396
165	830	424	222
165	830	424	743
165	830	424	1
88	530	124	35
88	530	124	80
88	530	124	298
88	530	124	3
88	530	124	14
76	480	24	622
76	480	24	323
76	480	24	594
76	480	24	274
76	480	24	179
76	480	24	253
76	480	24	250
76	480	24	23
76	480	24	607
76	480	24	521
76	480	24	644
76	480	24	174
76	480	24	12
76	480	24	350
76	480	24	429
76	480	24	108
76	480	24	745
76	480	24	117
76	480	24	212
76	480	24	330
76	480	24	408
76	480	24	379
76	480	24	445
76	480	24	317
128	680	224	608
128	680	224	169
128	680	224	696
128	680	224	41
128	680	224	602
153	780	324	91
153	780	324	84
153	780	324	106
153	780	324	25
153	780	324	431
153	780	324	702
153	780	324	169
153	780	324	697
153	780	324	434
153	780	324	642
153	780	324	214
153	780	324	50
96	530	74	35
96	530	74	12
96	530	74	14
96	530	74	80
96	530	74	3
96	530	74	706
96	530	74	102
96	530	74	644
96	530	74	455
96	530	74	600
96	530	74	232
96	530	74	160
114	630	174	52
114	630	174	764
114	630	174	169
114	630	174	109
114	630	174	342
114	630	174	561
114	630	174	461
114	630	174	28
114	630	174	3
114	630	174	550
114	630	174	310
114	630	174	542
141	730	274	110
141	730	274	90
141	730	274	169
141	730	274	25
141	730	274	206
141	730	274	41
141	730	274	697
141	730	274	696
141	730	274	418
141	730	274	348
164	830	374	91
164	830	374	87
164	830	374	396
164	830	374	1
164	830	374	365
164	830	374	106
164	830	374	81
100	580	124	3
100	580	124	14
100	580	124	448
100	580	124	289
100	580	124	362
100	580	124	455
100	580	124	461
100	580	124	342
100	580	124	232
100	580	124	534
87	530	24	12
87	530	24	212
87	530	24	600
87	530	24	644
87	530	24	23
87	530	24	445
87	530	24	175
87	530	24	117
87	530	24	160
87	530	24	317
87	530	24	102
87	530	24	330
87	530	24	470
87	530	24	65
87	530	24	301
87	530	24	306
87	530	24	118
87	530	24	739
87	530	24	223
87	530	24	624
87	530	24	318
87	530	24	6
87	530	24	604
113	630	124	3
113	630	124	342
113	630	124	461
113	630	124	289
113	630	124	310
113	630	124	362
113	630	124	28
113	630	124	232
113	630	124	534
113	630	124	542
113	630	124	352
113	630	124	703
113	630	124	478
113	630	124	261
113	630	124	288
113	630	124	497
127	680	174	169
127	680	174	550
127	680	174	723
127	680	174	28
127	680	174	542
127	680	174	142
127	680	174	553
140	730	224	41
140	730	224	696
140	730	224	169
140	730	224	602
140	730	224	680
140	730	224	142
140	730	224	646
140	730	224	28
140	730	224	456
140	730	224	18
152	780	274	169
152	780	274	697
152	780	274	91
152	780	274	348
152	780	274	434
152	780	274	418
152	780	274	50
152	780	274	699
152	780	274	326
152	780	274	10
163	830	324	106
163	830	324	91
163	830	324	365
163	830	324	214
163	830	324	1
163	830	324	81
163	830	324	642
163	830	324	405
163	830	324	50
163	830	324	292
163	830	324	406
163	830	324	650
163	830	324	738
163	830	324	737
163	830	324	66
173	880	374	91
173	880	374	1
173	880	374	81
173	880	374	765
108	580	74	232
108	580	74	3
108	580	74	80
108	580	74	706
108	580	74	102
99	580	24	102
99	580	24	12
99	580	24	706
99	580	24	160
99	580	24	80
99	580	24	3
99	580	24	118
99	580	24	752
99	580	24	481
99	580	24	232
99	580	24	21
99	580	24	6
99	580	24	318
99	580	24	223
99	580	24	568
99	580	24	286
99	580	24	64
99	580	24	604
99	580	24	299
99	580	24	676
99	580	24	438
99	580	24	677
99	580	24	16
126	680	124	542
126	680	124	28
126	680	124	478
126	680	124	142
126	680	124	3
126	680	124	703
126	680	124	497
126	680	124	361
126	680	124	288
126	680	124	207
126	680	124	553
126	680	124	729
126	680	124	143
126	680	124	139
151	780	224	169
151	780	224	348
151	780	224	418
151	780	224	456
151	780	224	18
151	780	224	345
151	780	224	66
151	780	224	172
151	780	224	50
151	780	224	202
151	780	224	3
172	880	324	1
172	880	324	81
172	880	324	650
172	880	324	405
172	880	324	765
172	880	324	406
172	880	324	86
172	880	324	66
172	880	324	165
172	880	324	3
139	730	174	169
139	730	174	28
139	730	174	142
139	730	174	18
139	730	174	516
139	730	174	553
139	730	174	361
139	730	174	143
162	830	274	50
162	830	274	91
162	830	274	699
162	830	274	292
162	830	274	326
162	830	274	405
162	830	274	10
162	830	274	738
162	830	274	737
162	830	274	66
162	830	274	165
162	830	274	3
121	630	74	3
121	630	74	612
121	630	74	481
121	630	74	289
121	630	74	316
121	630	74	261
121	630	74	288
121	630	74	64
134	680	74	288
134	680	74	497
134	680	74	3
134	680	74	361
134	680	74	261
134	680	74	207
134	680	74	729
134	680	74	64
134	680	74	575
134	680	74	255
134	680	74	143
134	680	74	577
134	680	74	139
134	680	74	80
134	680	74	673
138	730	124	142
138	730	124	361
138	730	124	716
138	730	124	143
138	730	124	139
138	730	124	637
138	730	124	3
138	730	124	80
138	730	124	548
150	780	174	18
150	780	174	169
150	780	174	388
150	780	174	142
150	780	174	361
150	780	174	172
150	780	174	3
150	780	174	143
150	780	174	638
150	780	174	202
150	780	174	637
150	780	174	80
150	780	174	19
161	830	224	50
161	830	224	66
161	830	224	10
161	830	224	172
161	830	224	405
161	830	224	202
161	830	224	3
161	830	224	145
171	880	274	66
171	880	274	737
171	880	274	405
171	880	274	81
171	880	274	165
171	880	274	427
171	880	274	3
171	880	274	145
171	880	274	190
180	930	324	1
180	930	324	81
180	930	324	66
180	930	324	3
180	930	324	189
180	930	324	190
112	630	24	64
112	630	24	3
112	630	24	80
112	630	24	286
112	630	24	16
112	630	24	517
149	780	124	143
149	780	124	637
149	780	124	3
149	780	124	80
149	780	124	548
170	880	224	3
170	880	224	145
170	880	224	80
170	880	224	202
170	880	224	165
146	730	74	139
146	730	74	3
146	730	74	80
146	730	74	143
160	830	174	202
160	830	174	3
160	830	174	19
179	930	274	3
179	930	274	190
125	680	24	3
125	680	24	517
125	680	24	64
137	730	24	517
137	730	24	64
137	730	24	3
137	730	24	143
137	730	24	139
137	730	24	606
137	730	24	557
137	730	24	458
137	730	24	278
137	730	24	98
137	730	24	338
137	730	24	581
137	730	24	513
137	730	24	104
137	730	24	227
137	730	24	667
137	730	24	146
137	730	24	201
137	730	24	398
137	730	24	46
137	730	24	97
137	730	24	76
137	730	24	413
148	780	24	139
148	780	24	557
148	780	24	506
148	780	24	278
148	780	24	3
148	780	24	143
148	780	24	104
148	780	24	667
148	780	24	669
148	780	24	146
148	780	24	185
148	780	24	687
148	780	24	227
148	780	24	668
148	780	24	546
148	780	24	46
148	780	24	693
148	780	24	76
148	780	24	56
148	780	24	182
148	780	24	351
148	780	24	413
148	780	24	114
148	780	24	51
148	780	24	44
148	780	24	749
148	780	24	459
148	780	24	518
148	780	24	751
148	780	24	451
148	780	24	82
148	780	24	460
148	780	24	698
148	780	24	654
148	780	24	238
148	780	24	579
157	780	74	139
157	780	74	3
157	780	74	143
157	780	74	506
157	780	74	278
157	780	74	548
157	780	74	547
157	780	74	104
157	780	74	687
157	780	74	185
157	780	74	668
157	780	74	46
157	780	74	693
157	780	74	56
166	830	74	143
166	830	74	80
166	830	74	547
166	830	74	19
166	830	74	3
166	830	74	104
166	830	74	366
166	830	74	185
166	830	74	744
166	830	74	551
166	830	74	668
166	830	74	158
166	830	74	46
166	830	74	419
166	830	74	693
166	830	74	363
166	830	74	115
166	830	74	56
166	830	74	294
166	830	74	648
166	830	74	590
166	830	74	44
166	830	74	589
166	830	74	587
166	830	74	454
166	830	74	591
166	830	74	216
166	830	74	26
166	830	74	526
166	830	74	496
159	830	124	80
159	830	124	19
159	830	124	202
159	830	124	423
159	830	124	3
159	830	124	143
159	830	124	366
159	830	124	104
159	830	124	551
159	830	124	158
159	830	124	668
159	830	124	419
159	830	124	726
159	830	124	115
168	880	124	202
168	880	124	3
168	880	124	19
168	880	124	366
168	880	124	614
168	880	124	734
168	880	124	551
168	880	124	597
168	880	124	158
168	880	124	356
168	880	124	475
168	880	124	726
168	880	124	419
168	880	124	115
168	880	124	85
168	880	124	328
168	880	124	60
168	880	124	188
168	880	124	651
168	880	124	718
168	880	124	648
168	880	124	589
168	880	124	631
168	880	124	565
168	880	124	217
168	880	124	216
168	880	124	591
168	880	124	630
169	880	174	3
169	880	174	202
169	880	174	145
169	880	174	734
169	880	174	597
169	880	174	463
169	880	174	356
169	880	174	475
169	880	174	85
169	880	174	718
177	930	174	202
177	930	174	145
177	930	174	165
177	930	174	3
177	930	174	168
177	930	174	633
177	930	174	463
177	930	174	710
177	930	174	356
177	930	174	85
177	930	174	293
177	930	174	100
177	930	174	718
177	930	174	178
177	930	174	368
177	930	174	251
177	930	174	60
177	930	174	313
177	930	174	620
177	930	174	559
177	930	174	736
177	930	174	347
178	930	224	202
178	930	224	145
178	930	224	3
178	930	224	165
178	930	224	190
178	930	224	633
178	930	224	168
178	930	224	100
178	930	224	710
178	930	224	85
178	930	224	178
8	980	224	3
8	980	224	190
8	980	224	165
8	980	224	100
8	980	224	633
8	980	224	335
8	980	224	500
8	980	224	710
8	980	224	112
8	980	224	85
8	980	224	224
8	980	224	178
8	980	224	611
8	980	224	290
8	980	224	249
8	980	224	88
8	980	224	171
8	980	224	291
8	980	224	269
8	980	224	62
9	980	274	3
9	980	274	190
9	980	274	335
9	980	274	100
9	980	274	500
9	980	274	112
158	830	24	56
158	830	24	44
158	830	24	518
158	830	24	454
158	830	24	573
158	830	24	82
158	830	24	496
158	830	24	460
158	830	24	40
158	830	24	698
158	830	24	51
158	830	24	616
158	830	24	69
158	830	24	619
158	830	24	471
158	830	24	135
158	830	24	763
158	830	24	691
158	830	24	381
158	830	24	690
158	830	24	688
174	880	74	648
174	880	74	589
174	880	74	590
174	880	74	26
174	880	74	216
174	880	74	217
174	880	74	591
174	880	74	44
174	880	74	159
174	880	74	188
174	880	74	635
174	880	74	69
174	880	74	305
174	880	74	592
176	930	124	85
176	930	124	718
176	930	124	60
176	930	124	565
176	930	124	468
176	930	124	368
176	930	124	620
176	930	124	736
176	930	124	188
176	930	124	178
176	930	124	630
176	930	124	205
176	930	124	347
176	930	124	499
176	930	124	632
176	930	124	709
176	930	124	479
176	930	124	741
176	930	124	132
7	980	174	178
7	980	174	251
7	980	174	88
7	980	174	269
7	980	174	313
7	980	174	62
7	980	174	200
7	980	174	748
7	980	174	541
7	980	174	60
7	980	174	319
7	980	174	659
14	1030	224	178
14	1030	224	249
14	1030	224	171
14	1030	224	269
14	1030	224	62
14	1030	224	271
14	1030	224	543
14	1030	224	270
167	880	24	69
167	880	24	44
167	880	24	40
167	880	24	471
167	880	24	305
167	880	24	312
167	880	24	495
167	880	24	135
167	880	24	690
167	880	24	688
167	880	24	527
167	880	24	5
167	880	24	645
6	980	124	178
6	980	124	60
6	980	124	347
6	980	124	200
6	980	124	132
6	980	124	269
6	980	124	659
6	980	124	191
6	980	124	258
6	980	124	663
181	930	74	188
181	930	74	632
181	930	74	591
181	930	74	479
181	930	74	635
181	930	74	205
181	930	74	132
181	930	74	592
181	930	74	60
181	930	74	69
181	930	74	305
181	930	74	267
181	930	74	527
181	930	74	340
181	930	74	653
181	930	74	103
13	1030	174	62
13	1030	174	269
13	1030	174	748
13	1030	174	319
13	1030	174	543
13	1030	174	544
13	1030	174	270
13	1030	174	659
13	1030	174	549
13	1030	174	258
13	1030	174	47
13	1030	174	193
13	1030	174	545
13	1030	174	537
175	930	24	527
175	930	24	69
175	930	24	312
175	930	24	635
175	930	24	40
175	930	24	653
175	930	24	257
175	930	24	645
175	930	24	188
175	930	24	504
175	930	24	5
175	930	24	383
175	930	24	724
175	930	24	530
175	930	24	265
175	930	24	759
175	930	24	150
175	930	24	138
175	930	24	528
10	980	74	132
10	980	74	60
10	980	74	191
10	980	74	340
10	980	74	267
10	980	74	103
10	980	74	663
10	980	74	188
10	980	74	258
10	980	74	472
10	980	74	532
10	980	74	45
10	980	74	234
10	980	74	127
12	1030	124	269
12	1030	124	200
12	1030	124	659
12	1030	124	258
12	1030	124	193
12	1030	124	47
12	1030	124	178
12	1030	124	537
12	1030	124	191
12	1030	124	129
12	1030	124	183
12	1030	124	93
12	1030	124	131
12	1030	124	440
12	1030	124	410
12	1030	124	384
18	1080	174	270
18	1080	174	269
18	1080	174	543
18	1080	174	545
18	1080	174	47
18	1080	174	228
18	1080	174	537
5	980	24	188
5	980	24	383
5	980	24	103
5	980	24	724
5	980	24	653
5	980	24	69
5	980	24	472
5	980	24	340
5	980	24	40
5	980	24	532
5	980	24	681
5	980	24	254
5	980	24	138
5	980	24	127
5	980	24	191
5	980	24	150
5	980	24	45
5	980	24	265
5	980	24	528
5	980	24	372
5	980	24	685
5	980	24	170
5	980	24	571
5	980	24	341
5	980	24	373
5	980	24	443
17	1080	124	537
17	1080	124	47
17	1080	124	129
17	1080	124	545
17	1080	124	269
17	1080	124	131
17	1080	124	440
17	1080	124	515
17	1080	124	384
17	1080	124	228
17	1080	124	93
17	1080	124	268
17	1080	124	692
17	1080	124	211
17	1080	124	655
17	1080	124	584
17	1080	124	535
15	1030	74	191
15	1030	74	258
15	1030	74	183
15	1030	74	663
15	1030	74	45
15	1030	74	93
15	1030	74	435
15	1030	74	410
15	1030	74	234
15	1030	74	262
15	1030	74	686
11	1030	24	45
11	1030	24	234
11	1030	24	127
11	1030	24	262
11	1030	24	340
11	1030	24	372
11	1030	24	487
11	1030	24	686
11	1030	24	170
11	1030	24	383
11	1030	24	373
11	1030	24	183
11	1030	24	341
11	1030	24	430
11	1030	24	596
11	1030	24	443
11	1030	24	492
11	1030	24	747
11	1030	24	195
11	1030	24	355
11	1030	24	277
11	1030	24	570
11	1030	24	569
11	1030	24	453
11	1030	24	304
11	1030	24	302
11	1030	24	78
11	1030	24	393
11	1030	24	605
19	1080	74	93
19	1080	74	410
19	1080	74	268
19	1080	74	441
19	1080	74	47
19	1080	74	211
19	1080	74	655
19	1080	74	584
19	1080	74	183
19	1080	74	258
19	1080	74	535
19	1080	74	647
19	1080	74	355
19	1080	74	467
19	1080	74	74
19	1080	74	733
19	1080	74	662
19	1080	74	304
19	1080	74	560
19	1080	74	67
21	1130	124	228
21	1130	124	692
21	1130	124	47
21	1130	124	655
21	1130	124	535
21	1130	124	74
21	1130	124	512
21	1130	124	157
21	1130	124	67
16	1080	24	686
16	1080	24	183
16	1080	24	355
16	1080	24	195
16	1080	24	647
16	1080	24	304
16	1080	24	74
16	1080	24	432
16	1080	24	78
16	1080	24	493
16	1080	24	453
16	1080	24	393
16	1080	24	605
16	1080	24	560
16	1080	24	603
16	1080	24	711
16	1080	24	128
16	1080	24	58
16	1080	24	625
16	1080	24	428
16	1080	24	593
16	1080	24	424
22	1130	74	535
22	1130	74	74
22	1130	74	662
22	1130	74	228
22	1130	74	733
22	1130	74	512
22	1130	74	67
22	1130	74	157
22	1130	74	560
22	1130	74	256
22	1130	74	682
22	1130	74	54
22	1130	74	208
20	1130	24	560
20	1130	24	682
20	1130	24	128
20	1130	24	54
20	1130	24	757
20	1130	24	625
20	1130	24	208
20	1130	24	432
20	1130	24	711
20	1130	24	67
20	1130	24	593
20	1130	24	58
20	1130	24	424
20	1130	24	627
20	1130	24	300
20	1130	24	762
20	1130	24	708
20	1130	24	397
20	1130	24	426
20	1130	24	707
20	1130	24	71
20	1130	24	628
20	1130	24	215
24	1180	74	157
24	1180	74	67
24	1180	74	256
24	1180	74	208
24	1180	74	503
24	1180	74	524
24	1180	74	523
23	1180	24	67
23	1180	24	300
23	1180	24	157
23	1180	24	503
23	1180	24	627
23	1180	24	707
23	1180	24	136
23	1180	24	675
23	1180	24	523
23	1180	24	353
23	1180	24	215
23	1180	24	628
23	1180	24	71
23	1180	24	712
23	1180	24	7
23	1180	24	107
23	1180	24	284
23	1180	24	576
23	1180	24	520
23	1180	24	578
25	1230	24	157
25	1230	24	7
25	1230	24	509
25	1230	24	284
25	1230	24	520
25	1230	24	107
25	1230	24	578
25	1230	24	507
25	1230	24	572
25	1230	24	239
25	1230	24	39
