x	y	clickSelects	showSelected1
0.109487689853285	1	1	log2(tiles)=2.50 log10(pixels)=3.50
-0.0506099933550872	1	2	log2(tiles)=0.00 log10(pixels)=2.00
0.0716191402472752	1	3	log2(tiles)=6.25 log10(pixels)=4.25
0.057025722386383	1	4	log2(tiles)=3.00 log10(pixels)=3.50
0.00514997831990582	1	5	log2(tiles)=1.00 log10(pixels)=2.50
-0.089909454405932	1	6	log2(tiles)=1.00 log10(pixels)=3.00
-0.0809219076239263	1	7	log2(tiles)=1.00 log10(pixels)=3.00
0.0446274446645081	1	8	log2(tiles)=3.50 log10(pixels)=3.75
0.0340261060561349	1	9	log2(tiles)=1.00 log10(pixels)=2.50
0.0780941504064106	1	10	log2(tiles)=1.50 log10(pixels)=3.00
-0.112076533026563	1	11	log2(tiles)=2.25 log10(pixels)=3.50
-0.107515820635312	1	12	log2(tiles)=3.25 log10(pixels)=4.00
-0.0670150329964185	1	13	log2(tiles)=1.00 log10(pixels)=3.25
-0.093459819566045	1	14	log2(tiles)=2.50 log10(pixels)=2.50
-0.0426349625309284	1	15	log2(tiles)=1.50 log10(pixels)=3.25
0.0563025007672873	1	16	log2(tiles)=1.00 log10(pixels)=1.50
-0.0798469548078198	1	17	log2(tiles)=2.50 log10(pixels)=3.75
-0.0931480989299889	1	18	log2(tiles)=2.00 log10(pixels)=3.25
-0.0977536589966768	1	19	log2(tiles)=2.25 log10(pixels)=2.75
-0.0672219299394494	1	20	log2(tiles)=3.25 log10(pixels)=4.00
0.0831987739686229	1	21	log2(tiles)=0.00 log10(pixels)=2.50
-0.0404849854573692	1	22	log2(tiles)=1.00 log10(pixels)=2.25
-0.0823622603477703	1	23	log2(tiles)=2.00 log10(pixels)=3.50
-0.0145735259169983	1	24	log2(tiles)=1.00 log10(pixels)=3.00
-0.0495969138446339	1	25	log2(tiles)=2.25 log10(pixels)=3.50
-0.111510743045363	1	26	log2(tiles)=1.00 log10(pixels)=2.75
0.123766000133931	1	27	log2(tiles)=2.00 log10(pixels)=3.50
-0.1158251282374	1	28	log2(tiles)=2.50 log10(pixels)=3.75
-0.019379202112717	1	29	log2(tiles)=3.00 log10(pixels)=3.75
0.0824384599156054	1	30	log2(tiles)=1.00 log10(pixels)=3.25
0.0878584290410944	1	31	log2(tiles)=1.50 log10(pixels)=3.25
-0.0800318260031077	1	32	log2(tiles)=1.50 log10(pixels)=3.25
-0.0309174260985139	1	33	log2(tiles)=2.25 log10(pixels)=3.75
-0.000801642608887043	1	34	log2(tiles)=2.00 log10(pixels)=3.25
0.0555663135153042	1	35	log2(tiles)=3.50 log10(pixels)=3.25
-0.121965677542669	1	36	log2(tiles)=2.00 log10(pixels)=3.50
0.00130093302041789	1	37	log2(tiles)=1.00 log10(pixels)=3.00
-0.0765902722669067	1	38	log2(tiles)=1.50 log10(pixels)=3.50
0.021841606536499	1	39	log2(tiles)=0.00 log10(pixels)=2.25
-0.0159850373324373	1	40	log2(tiles)=2.00 log10(pixels)=3.50
-0.0265040590376056	1	41	log2(tiles)=2.00 log10(pixels)=3.25
-0.0364822430036953	1	42	log2(tiles)=1.00 log10(pixels)=3.25
-0.010105436281227	1	43	log2(tiles)=1.50 log10(pixels)=3.00
0.0171958979499744	1	44	log2(tiles)=2.25 log10(pixels)=3.50
-0.00945075171740051	1	45	log2(tiles)=2.00 log10(pixels)=3.25
-0.0520763801682738	1	46	log2(tiles)=2.00 log10(pixels)=3.00
0.0116160205691376	1	47	log2(tiles)=2.50 log10(pixels)=3.50
-0.096879478824182	1	48	log2(tiles)=1.00 log10(pixels)=2.50
0.0890537357091392	1	49	log2(tiles)=2.75 log10(pixels)=3.25
0.101216345339342	1	50	log2(tiles)=2.50 log10(pixels)=3.25
-0.0171264163912461	1	51	log2(tiles)=1.00 log10(pixels)=2.50
0.101258348719075	1	52	log2(tiles)=2.75 log10(pixels)=3.75
-0.050519085137644	1	53	log2(tiles)=2.00 log10(pixels)=3.25
-0.0512936800949202	1	54	log2(tiles)=1.00 log10(pixels)=2.50
-0.0385302181256724	1	55	log2(tiles)=2.75 log10(pixels)=3.75
-0.0543770564130632	1	56	log2(tiles)=2.00 log10(pixels)=3.25
-0.000312917381596112	1	57	log2(tiles)=1.00 log10(pixels)=2.50
-0.120590400897281	1	58	log2(tiles)=1.00 log10(pixels)=2.75
0.0413926851582249	1	59	log2(tiles)=0.00 log10(pixels)=2.00
0.0413295776666938	1	60	log2(tiles)=2.75 log10(pixels)=3.50
-0.0760310351245286	1	61	log2(tiles)=3.25 log10(pixels)=4.00
-0.119186407719209	1	62	log2(tiles)=2.00 log10(pixels)=3.00
0.0562105081677613	1	63	log2(tiles)=2.00 log10(pixels)=3.25
0.0702014594856402	1	64	log2(tiles)=2.50 log10(pixels)=2.75
-0.00448733218585007	1	65	log2(tiles)=0.00 log10(pixels)=2.25
-0.0713905834410737	1	66	log2(tiles)=2.75 log10(pixels)=3.75
-0.0572067740602309	1	67	log2(tiles)=2.50 log10(pixels)=3.50
-0.071886747685368	1	68	log2(tiles)=2.00 log10(pixels)=3.25
0.00174087381090038	1	69	log2(tiles)=2.50 log10(pixels)=3.75
-0.120513186282726	1	70	log2(tiles)=2.00 log10(pixels)=3.50
-0.0144715530924513	1	71	log2(tiles)=1.00 log10(pixels)=2.25
-0.055658089635819	1	72	log2(tiles)=2.50 log10(pixels)=3.75
0.0913151596972228	1	73	log2(tiles)=2.00 log10(pixels)=3.00
0.114511081058392	1	74	log2(tiles)=2.00 log10(pixels)=2.75
-0.0267637268970025	1	75	log2(tiles)=2.25 log10(pixels)=3.25
-0.0144715530924513	2	76	log2(tiles)=1.00 log10(pixels)=2.25
-0.0159229660971691	1	77	log2(tiles)=2.00 log10(pixels)=3.00
0.0269416279590295	1	78	log2(tiles)=1.00 log10(pixels)=3.00
-0.0872466963286769	1	79	log2(tiles)=1.00 log10(pixels)=3.00
-0.00966114521239847	1	80	log2(tiles)=4.75 log10(pixels)=3.00
0.0546102852261639	1	81	log2(tiles)=2.50 log10(pixels)=3.50
0.122912002970107	1	82	log2(tiles)=1.00 log10(pixels)=2.25
0.0967440546048488	1	83	log2(tiles)=2.25 log10(pixels)=3.25
0.0771753482986926	1	84	log2(tiles)=3.25 log10(pixels)=3.75
0.0153597554092144	1	85	log2(tiles)=2.50 log10(pixels)=3.00
0.0511525224473814	1	86	log2(tiles)=0.00 log10(pixels)=3.00
0.113943352306837	1	87	log2(tiles)=1.50 log10(pixels)=3.00
0.00920252233110297	1	88	log2(tiles)=1.00 log10(pixels)=2.50
0.121339381099861	1	89	log2(tiles)=4.00 log10(pixels)=3.75
-0.120513186282726	2	90	log2(tiles)=2.00 log10(pixels)=3.50
-0.0869281179961812	1	91	log2(tiles)=3.75 log10(pixels)=4.25
-0.0361735756194754	1	92	log2(tiles)=2.50 log10(pixels)=3.75
-0.0773970687901402	1	93	log2(tiles)=2.00 log10(pixels)=3.25
0.0390760987927767	1	94	log2(tiles)=0.00 log10(pixels)=2.50
-0.0710230527068307	1	95	log2(tiles)=1.00 log10(pixels)=2.25
0.0288744720027396	1	96	log2(tiles)=1.00 log10(pixels)=2.75
0.00587485567249146	1	97	log2(tiles)=0.00 log10(pixels)=1.75
-0.0268721464003014	1	98	log2(tiles)=0.00 log10(pixels)=2.00
0.0695439355418688	1	99	log2(tiles)=0.00 log10(pixels)=1.75
-0.0936649581949092	1	100	log2(tiles)=2.00 log10(pixels)=3.00
0.0797835966168101	1	101	log2(tiles)=2.25 log10(pixels)=3.50
0.103698211776174	1	102	log2(tiles)=2.00 log10(pixels)=2.75
-0.0114410431213843	1	103	log2(tiles)=1.50 log10(pixels)=3.00
0.04309160017658	1	104	log2(tiles)=2.25 log10(pixels)=2.75
-0.0466816599529625	1	105	log2(tiles)=2.25 log10(pixels)=3.50
0.10336092434838	1	106	log2(tiles)=2.75 log10(pixels)=3.50
0.100248018334163	1	107	log2(tiles)=1.00 log10(pixels)=2.25
0.0791812460476247	1	108	log2(tiles)=1.00 log10(pixels)=2.00
-0.0175121336470139	1	109	log2(tiles)=2.00 log10(pixels)=3.25
-0.00111455999048315	1	110	log2(tiles)=2.50 log10(pixels)=3.75
0.00127910398334219	1	111	log2(tiles)=1.00 log10(pixels)=2.75
-0.122053048370812	1	112	log2(tiles)=1.00 log10(pixels)=3.00
0.0663259253620376	1	113	log2(tiles)=1.50 log10(pixels)=3.00
-0.0915149811213503	1	114	log2(tiles)=0.00 log10(pixels)=2.00
0.108526033577194	1	115	log2(tiles)=1.50 log10(pixels)=2.50
-0.0546539416515803	1	116	log2(tiles)=1.50 log10(pixels)=3.25
-0.0834820194451194	1	117	log2(tiles)=1.00 log10(pixels)=2.75
-0.07727454200674	1	118	log2(tiles)=1.00 log10(pixels)=3.00
-0.0598039199714864	1	119	log2(tiles)=0.00 log10(pixels)=1.75
0.0409884750888159	1	120	log2(tiles)=2.00 log10(pixels)=2.75
0.0195129442179165	1	121	log2(tiles)=1.00 log10(pixels)=2.25
0.0303173121401512	1	122	log2(tiles)=0.00 log10(pixels)=2.75
-0.122224624770697	1	123	log2(tiles)=2.75 log10(pixels)=3.75
0.0625307688622612	1	124	log2(tiles)=2.50 log10(pixels)=3.50
0.103119253545714	1	125	log2(tiles)=1.50 log10(pixels)=3.00
-0.0896089015975328	1	126	log2(tiles)=2.25 log10(pixels)=3.75
-0.071865205971211	1	127	log2(tiles)=1.50 log10(pixels)=2.50
0.0451845896824241	1	128	log2(tiles)=1.00 log10(pixels)=2.75
-0.0788271572849166	1	129	log2(tiles)=1.00 log10(pixels)=2.75
-0.0788588489716178	1	130	log2(tiles)=1.50 log10(pixels)=3.25
0.0021660617565078	1	131	log2(tiles)=1.00 log10(pixels)=3.00
0.0262319579218335	1	132	log2(tiles)=2.00 log10(pixels)=3.25
-0.120590400897281	1	133	log2(tiles)=0.00 log10(pixels)=2.75
-0.0460704079422714	1	134	log2(tiles)=1.50 log10(pixels)=3.50
0.124282095835668	1	135	log2(tiles)=1.00 log10(pixels)=2.50
0.0932860670204572	1	136	log2(tiles)=0.00 log10(pixels)=2.50
-0.00251773932294563	1	137	log2(tiles)=2.00 log10(pixels)=3.25
-0.0398826348881838	1	138	log2(tiles)=1.00 log10(pixels)=2.75
0.0211380837040362	1	139	log2(tiles)=2.75 log10(pixels)=2.50
-0.122895201635192	1	140	log2(tiles)=1.00 log10(pixels)=2.25
-0.0893755951107988	1	141	log2(tiles)=1.00 log10(pixels)=3.00
0.103759033074769	1	142	log2(tiles)=2.50 log10(pixels)=3.75
0.082034277027518	1	143	log2(tiles)=3.50 log10(pixels)=3.25
-0.0432822176632413	1	144	log2(tiles)=1.00 log10(pixels)=2.75
0.110252917353403	1	145	log2(tiles)=2.50 log10(pixels)=3.00
0.0701462861110538	1	146	log2(tiles)=1.00 log10(pixels)=2.25
-0.00877392430750512	1	147	log2(tiles)=0.00 log10(pixels)=2.00
0.0253058652647704	1	148	log2(tiles)=1.50 log10(pixels)=3.00
0.0280673308886623	1	149	log2(tiles)=2.50 log10(pixels)=3.25
0.00920252233110297	2	150	log2(tiles)=1.00 log10(pixels)=2.50
-0.105659901173678	1	151	log2(tiles)=2.25 log10(pixels)=3.75
-0.0110264752734919	1	152	log2(tiles)=2.00 log10(pixels)=3.50
0.0141003215196207	1	153	log2(tiles)=1.50 log10(pixels)=3.00
0.119401413696624	1	154	log2(tiles)=2.75 log10(pixels)=3.25
-0.0461515362537655	1	155	log2(tiles)=2.00 log10(pixels)=3.25
-0.0872035712834567	1	156	log2(tiles)=2.00 log10(pixels)=3.50
-0.0111673656175997	1	157	log2(tiles)=2.25 log10(pixels)=3.50
0.0682258936139557	1	158	log2(tiles)=1.50 log10(pixels)=2.75
0.117000341120899	1	159	log2(tiles)=0.00 log10(pixels)=2.50
-0.0958234581220396	1	160	log2(tiles)=1.50 log10(pixels)=2.75
-0.0502448227465253	1	161	log2(tiles)=1.50 log10(pixels)=3.25
-0.0159891824128207	1	162	log2(tiles)=1.50 log10(pixels)=3.25
-0.0291883891274822	1	163	log2(tiles)=1.00 log10(pixels)=3.00
0.0149403497929366	1	164	log2(tiles)=1.00 log10(pixels)=3.00
0.0457140589408676	1	165	log2(tiles)=2.75 log10(pixels)=3.00
0.112605001534575	1	166	log2(tiles)=2.00 log10(pixels)=3.00
0.0444880466591697	1	167	log2(tiles)=1.00 log10(pixels)=2.75
0.102059991327963	1	168	log2(tiles)=1.00 log10(pixels)=2.50
-0.0912005624774732	1	169	log2(tiles)=4.25 log10(pixels)=4.50
0.0831987739686229	1	170	log2(tiles)=1.00 log10(pixels)=2.50
-0.0287082889410613	1	171	log2(tiles)=1.00 log10(pixels)=2.50
-0.029368980551908	1	172	log2(tiles)=1.50 log10(pixels)=3.25
-0.114393726401688	1	173	log2(tiles)=1.00 log10(pixels)=2.50
0.0865873046717551	1	174	log2(tiles)=1.00 log10(pixels)=2.50
0.0646660642520893	1	175	log2(tiles)=0.00 log10(pixels)=2.50
0.121176281775035	1	176	log2(tiles)=1.00 log10(pixels)=2.50
-0.0157358756212105	1	177	log2(tiles)=1.00 log10(pixels)=3.25
0.0877777695537332	1	178	log2(tiles)=3.00 log10(pixels)=3.75
0.000867721531227161	1	179	log2(tiles)=0.00 log10(pixels)=3.00
-0.123249146316607	1	180	log2(tiles)=3.00 log10(pixels)=3.75
-0.00181197299379954	1	181	log2(tiles)=0.00 log10(pixels)=1.75
-0.100665141287858	1	182	log2(tiles)=0.00 log10(pixels)=2.75
-0.10049933868539	1	183	log2(tiles)=2.25 log10(pixels)=3.50
-0.0120126736665691	1	184	log2(tiles)=1.00 log10(pixels)=2.75
-0.0767541260631921	1	185	log2(tiles)=1.50 log10(pixels)=2.50
0	1	186	log2(tiles)=0.00 log10(pixels)=2.00
-0.0696644865854368	1	187	log2(tiles)=0.00 log10(pixels)=2.75
-0.0980827494824252	1	188	log2(tiles)=2.75 log10(pixels)=3.50
0.0510299956639813	1	189	log2(tiles)=0.00 log10(pixels)=2.25
0.0921767573958667	1	190	log2(tiles)=2.50 log10(pixels)=2.50
-0.0359577945611891	1	191	log2(tiles)=2.25 log10(pixels)=3.50
0.0818697742805017	1	192	log2(tiles)=0.00 log10(pixels)=2.75
0.0374264979406238	1	193	log2(tiles)=1.00 log10(pixels)=2.00
-0.0378123955960423	1	194	log2(tiles)=0.00 log10(pixels)=2.25
-0.00414480482627111	1	195	log2(tiles)=1.00 log10(pixels)=2.75
0.0534626049254552	1	196	log2(tiles)=1.50 log10(pixels)=3.00
-0.0615801779972895	1	197	log2(tiles)=1.00 log10(pixels)=2.75
-0.0208567520213871	1	198	log2(tiles)=2.25 log10(pixels)=3.50
0.0333012287035497	1	199	log2(tiles)=0.00 log10(pixels)=2.25
0.0148178230095364	1	200	log2(tiles)=1.50 log10(pixels)=3.25
0.123249290397901	1	201	log2(tiles)=0.00 log10(pixels)=1.50
-0.0433514207947967	1	202	log2(tiles)=3.25 log10(pixels)=3.00
0.0330214446829107	1	203	log2(tiles)=1.00 log10(pixels)=3.00
-0.0122050067260773	1	204	log2(tiles)=2.00 log10(pixels)=3.25
0.0171958979499744	1	205	log2(tiles)=1.00 log10(pixels)=2.50
0.121176281775035	2	206	log2(tiles)=1.00 log10(pixels)=2.50
-0.0974532206860088	1	207	log2(tiles)=1.00 log10(pixels)=3.00
-0.0366844886138886	1	208	log2(tiles)=1.50 log10(pixels)=3.00
-0.0584885673655968	1	209	log2(tiles)=1.00 log10(pixels)=3.00
0.103144372620182	1	210	log2(tiles)=1.00 log10(pixels)=2.50
-0.00307035192678518	1	211	log2(tiles)=1.00 log10(pixels)=2.50
0.113611979892144	1	212	log2(tiles)=1.00 log10(pixels)=2.25
0.102568386179309	1	213	log2(tiles)=2.00 log10(pixels)=3.25
0.0386201619497029	1	214	log2(tiles)=1.00 log10(pixels)=3.00
-0.0833594926617192	1	215	log2(tiles)=1.00 log10(pixels)=2.50
0.0954962218255742	1	216	log2(tiles)=1.50 log10(pixels)=2.50
-0.0072396109731625	1	217	log2(tiles)=1.00 log10(pixels)=2.50
0.0880578754197563	1	218	log2(tiles)=2.25 log10(pixels)=3.25
-0.0627613801685212	1	219	log2(tiles)=2.25 log10(pixels)=3.25
-0.0185573714976952	1	220	log2(tiles)=1.00 log10(pixels)=2.50
-0.0119538968712045	1	221	log2(tiles)=2.00 log10(pixels)=3.25
0.00920252233110297	1	222	log2(tiles)=0.00 log10(pixels)=2.50
-0.11261017366127	1	223	log2(tiles)=1.00 log10(pixels)=2.50
-0.0670307091255942	1	224	log2(tiles)=0.00 log10(pixels)=2.50
-0.00584540598155714	1	225	log2(tiles)=1.00 log10(pixels)=2.50
-0.0638107657559761	1	226	log2(tiles)=3.25 log10(pixels)=3.75
-0.0527706572402824	1	227	log2(tiles)=1.00 log10(pixels)=2.75
-0.0621973612815805	1	228	log2(tiles)=2.00 log10(pixels)=3.25
-0.00336580106242135	1	229	log2(tiles)=1.50 log10(pixels)=2.75
0.030194785356751	1	230	log2(tiles)=1.50 log10(pixels)=3.00
-0.0331323796458904	1	231	log2(tiles)=2.00 log10(pixels)=2.50
0.037801729930226	1	232	log2(tiles)=2.25 log10(pixels)=2.25
0.0786598965353198	1	233	log2(tiles)=1.00 log10(pixels)=2.75
-0.0482135644757098	1	234	log2(tiles)=1.50 log10(pixels)=2.50
0.11391737695786	1	235	log2(tiles)=1.00 log10(pixels)=2.75
-0.0979971086492704	1	236	log2(tiles)=1.00 log10(pixels)=3.00
0.0453229787866576	1	237	log2(tiles)=1.00 log10(pixels)=2.00
-0.0376020021010439	1	238	log2(tiles)=0.00 log10(pixels)=1.50
0.0353298350107671	1	239	log2(tiles)=0.00 log10(pixels)=1.75
0.0488530764097068	1	240	log2(tiles)=1.50 log10(pixels)=2.25
0.00587485567249146	1	241	log2(tiles)=1.00 log10(pixels)=1.75
0.0141761323903307	1	242	log2(tiles)=2.00 log10(pixels)=2.75
-0.0072748686953017	1	243	log2(tiles)=1.00 log10(pixels)=2.75
0.0416906490201181	1	244	log2(tiles)=1.00 log10(pixels)=2.75
-0.0701610719768131	1	245	log2(tiles)=2.00 log10(pixels)=3.25
-0.0686362358410126	1	246	log2(tiles)=1.50 log10(pixels)=2.50
-0.086242476018044	1	247	log2(tiles)=2.00 log10(pixels)=3.25
-0.0710230527068307	1	248	log2(tiles)=2.00 log10(pixels)=3.25
0.0644579892269186	1	249	log2(tiles)=1.00 log10(pixels)=2.00
0.0820633629117089	1	250	log2(tiles)=2.25 log10(pixels)=2.50
0.0374604745184151	1	251	log2(tiles)=1.00 log10(pixels)=2.75
0.0611013836490559	1	252	log2(tiles)=1.00 log10(pixels)=2.50
0.0176409823459154	1	253	log2(tiles)=1.00 log10(pixels)=3.25
0.0211380837040362	1	254	log2(tiles)=0.00 log10(pixels)=2.50
-0.0541003475907664	1	255	log2(tiles)=0.00 log10(pixels)=2.25
0.119215857410143	1	256	log2(tiles)=1.00 log10(pixels)=2.25
-0.086299074610352	1	257	log2(tiles)=0.00 log10(pixels)=2.75
-0.00431693238308473	1	258	log2(tiles)=2.50 log10(pixels)=3.50
-0.0721894273240098	1	259	log2(tiles)=1.50 log10(pixels)=3.50
-0.00445566245355167	1	260	log2(tiles)=1.00 log10(pixels)=2.50
0.0987905067631152	1	261	log2(tiles)=1.50 log10(pixels)=2.50
-0.102632892206214	1	262	log2(tiles)=1.00 log10(pixels)=3.25
-0.0958256317158366	1	263	log2(tiles)=2.00 log10(pixels)=3.00
-0.0527706572402824	2	264	log2(tiles)=1.00 log10(pixels)=2.75
-0.082682665251824	1	265	log2(tiles)=1.00 log10(pixels)=2.25
-0.0481769646840879	1	266	log2(tiles)=1.50 log10(pixels)=3.00
0.0919848045901137	1	267	log2(tiles)=1.00 log10(pixels)=2.75
0.0649131812750738	1	268	log2(tiles)=1.00 log10(pixels)=2.75
0.0234207232906098	1	269	log2(tiles)=3.00 log10(pixels)=3.75
0.0264618041732443	1	270	log2(tiles)=1.50 log10(pixels)=2.25
0.0124510897304293	1	271	log2(tiles)=0.00 log10(pixels)=2.25
0.00432137378264263	1	272	log2(tiles)=1.00 log10(pixels)=2.00
-0.00307035192678518	2	273	log2(tiles)=1.00 log10(pixels)=2.50
0.0741258339165491	1	274	log2(tiles)=1.00 log10(pixels)=2.75
-0.0343624365649382	1	275	log2(tiles)=2.25 log10(pixels)=3.25
-0.0518994543766103	1	276	log2(tiles)=1.50 log10(pixels)=2.75
-0.0985994592184558	1	277	log2(tiles)=0.00 log10(pixels)=2.50
0.0809249756756194	1	278	log2(tiles)=1.50 log10(pixels)=2.50
-0.0705810742857072	1	279	log2(tiles)=0.00 log10(pixels)=2.00
0.00503116334555154	1	280	log2(tiles)=2.00 log10(pixels)=3.25
-0.0436339668709569	1	281	log2(tiles)=1.00 log10(pixels)=2.50
0.0569048513364727	1	282	log2(tiles)=1.00 log10(pixels)=2.00
-0.0043648054024501	1	283	log2(tiles)=0.00 log10(pixels)=2.00
0.0837843746564788	1	284	log2(tiles)=1.00 log10(pixels)=2.75
0.0791812460476247	1	285	log2(tiles)=0.00 log10(pixels)=2.00
0.0644579892269186	2	286	log2(tiles)=1.00 log10(pixels)=2.00
0.117467487859051	1	287	log2(tiles)=2.00 log10(pixels)=2.75
0.0715135284047732	1	288	log2(tiles)=2.00 log10(pixels)=2.75
0.0625819842281632	1	289	log2(tiles)=2.25 log10(pixels)=3.00
0.0352941200427703	1	290	log2(tiles)=0.00 log10(pixels)=2.50
-0.0185573714976952	1	291	log2(tiles)=0.00 log10(pixels)=2.50
0.123320601815399	1	292	log2(tiles)=1.00 log10(pixels)=2.75
-0.0257837359237447	1	293	log2(tiles)=0.00 log10(pixels)=2.50
-0.0346171485515816	1	294	log2(tiles)=0.00 log10(pixels)=2.50
0.00302947055361802	1	295	log2(tiles)=1.00 log10(pixels)=3.00
-0.105548319173784	1	296	log2(tiles)=2.00 log10(pixels)=2.50
-0.0198066211309542	1	297	log2(tiles)=1.50 log10(pixels)=3.25
-0.0788588489716178	1	298	log2(tiles)=3.25 log10(pixels)=3.25
-0.0506099933550872	2	299	log2(tiles)=0.00 log10(pixels)=2.00
0.0466651902615309	1	300	log2(tiles)=1.00 log10(pixels)=2.25
-0.10790539730952	1	301	log2(tiles)=0.00 log10(pixels)=2.00
-0.0510299956639813	1	302	log2(tiles)=0.00 log10(pixels)=1.75
-0.0710230527068307	1	303	log2(tiles)=0.00 log10(pixels)=2.25
0.0141003215196207	2	304	log2(tiles)=1.50 log10(pixels)=3.00
-0.106547323513813	1	305	log2(tiles)=1.50 log10(pixels)=2.75
0.0134279935629373	1	306	log2(tiles)=0.00 log10(pixels)=1.75
-0.0307672574933879	1	307	log2(tiles)=2.00 log10(pixels)=3.50
-0.090979145788844	1	308	log2(tiles)=2.00 log10(pixels)=3.00
0.0374264979406238	1	309	log2(tiles)=0.00 log10(pixels)=2.00
0.0599066250361124	1	310	log2(tiles)=1.00 log10(pixels)=2.50
0.057496037913213	1	311	log2(tiles)=1.00 log10(pixels)=2.25
-0.0409586076789066	1	312	log2(tiles)=1.00 log10(pixels)=3.00
0.0078558716958308	1	313	log2(tiles)=1.00 log10(pixels)=2.50
0.0715138050950892	1	314	log2(tiles)=1.50 log10(pixels)=3.00
-0.00870261289000673	1	315	log2(tiles)=2.25 log10(pixels)=3.25
0.103803720955957	1	316	log2(tiles)=0.00 log10(pixels)=2.00
-0.0739087409443187	1	317	log2(tiles)=1.00 log10(pixels)=2.25
0.00920252233110297	3	318	log2(tiles)=1.00 log10(pixels)=2.50
-0.0604807473813815	1	319	log2(tiles)=1.00 log10(pixels)=2.00
-0.0833594926617192	1	320	log2(tiles)=0.00 log10(pixels)=2.50
0.0141761323903307	1	321	log2(tiles)=0.00 log10(pixels)=2.75
0.12057393120585	1	322	log2(tiles)=0.00 log10(pixels)=2.00
0.0421815945157662	1	323	log2(tiles)=1.50 log10(pixels)=3.00
0.0701462861110538	2	324	log2(tiles)=1.00 log10(pixels)=2.25
0.0916669575956846	1	325	log2(tiles)=2.00 log10(pixels)=3.00
-0.0373502983727887	1	326	log2(tiles)=1.00 log10(pixels)=2.75
0.107209969647868	1	327	log2(tiles)=0.00 log10(pixels)=2.00
0.00514997831990582	1	328	log2(tiles)=0.00 log10(pixels)=2.50
0.0444662261615929	1	329	log2(tiles)=1.00 log10(pixels)=2.25
-0.0272835288524167	1	330	log2(tiles)=1.00 log10(pixels)=2.25
-0.0946639625349381	1	331	log2(tiles)=1.00 log10(pixels)=2.25
0.0666985504229953	1	332	log2(tiles)=2.00 log10(pixels)=3.00
0.0287536009528289	1	333	log2(tiles)=1.00 log10(pixels)=2.25
-0.0550240915879519	1	334	log2(tiles)=2.00 log10(pixels)=3.00
-0.0757207139381184	1	335	log2(tiles)=1.00 log10(pixels)=2.00
0.12057393120585	2	336	log2(tiles)=0.00 log10(pixels)=2.00
0.0353298350107671	2	337	log2(tiles)=0.00 log10(pixels)=1.75
0.0950980400142568	1	338	log2(tiles)=0.00 log10(pixels)=0.75
-0.0171239586372933	1	339	log2(tiles)=1.50 log10(pixels)=3.75
-0.00806092227080102	1	340	log2(tiles)=2.00 log10(pixels)=2.75
0.0569048513364727	2	341	log2(tiles)=1.00 log10(pixels)=2.00
0.0445397603924111	1	342	log2(tiles)=2.00 log10(pixels)=3.00
-0.119788758288394	1	343	log2(tiles)=1.00 log10(pixels)=2.50
0.00204844781943869	1	344	log2(tiles)=1.50 log10(pixels)=2.75
0.0831987739686229	2	345	log2(tiles)=0.00 log10(pixels)=2.50
-0.0506099933550872	1	346	log2(tiles)=1.50 log10(pixels)=3.00
-0.110513510731414	1	347	log2(tiles)=1.50 log10(pixels)=2.75
0.124830149413859	1	348	log2(tiles)=1.50 log10(pixels)=3.00
-0.0240883677049517	1	349	log2(tiles)=1.00 log10(pixels)=2.75
0.00966784468963056	1	350	log2(tiles)=1.50 log10(pixels)=2.75
0.0588858673598121	1	351	log2(tiles)=0.00 log10(pixels)=2.75
0.0569048513364727	1	352	log2(tiles)=0.00 log10(pixels)=2.00
-0.124687549038326	1	353	log2(tiles)=0.00 log10(pixels)=2.75
0.0132586652835167	1	354	log2(tiles)=1.00 log10(pixels)=3.00
-0.116531544420413	1	355	log2(tiles)=1.50 log10(pixels)=2.75
0.0904441148401185	1	356	log2(tiles)=1.50 log10(pixels)=2.25
0.0828422669943514	1	357	log2(tiles)=1.50 log10(pixels)=3.25
0.00432137378264263	1	358	log2(tiles)=0.00 log10(pixels)=2.00
-0.0176062401770314	1	359	log2(tiles)=1.00 log10(pixels)=2.75
0.0538830266438746	1	360	log2(tiles)=1.50 log10(pixels)=2.50
-0.0227340045751472	1	361	log2(tiles)=2.25 log10(pixels)=3.50
-0.0325160557860937	1	362	log2(tiles)=1.00 log10(pixels)=2.25
0.0355573090077739	1	363	log2(tiles)=0.00 log10(pixels)=2.25
0.0424775936677841	1	364	log2(tiles)=2.00 log10(pixels)=3.25
-0.0371573187987577	1	365	log2(tiles)=1.50 log10(pixels)=3.00
0.0695439355418688	1	366	log2(tiles)=1.50 log10(pixels)=2.75
0.0295964912578244	1	367	log2(tiles)=1.00 log10(pixels)=2.75
0.0134279935629373	1	368	log2(tiles)=1.00 log10(pixels)=2.75
0.0492180226701815	1	369	log2(tiles)=1.00 log10(pixels)=2.00
0.0468851908377101	1	370	log2(tiles)=2.00 log10(pixels)=3.00
0.09377178149873	1	371	log2(tiles)=1.50 log10(pixels)=3.00
-0.0484320149440727	1	372	log2(tiles)=1.00 log10(pixels)=2.75
-0.00945075171740051	1	373	log2(tiles)=1.00 log10(pixels)=2.25
-0.0596683018297086	1	374	log2(tiles)=0.00 log10(pixels)=2.25
-0.122895201635192	2	375	log2(tiles)=1.00 log10(pixels)=2.25
-0.0119538968712045	1	376	log2(tiles)=1.00 log10(pixels)=2.25
-0.1073489661227	1	377	log2(tiles)=1.50 log10(pixels)=3.00
0.02415784926368	1	378	log2(tiles)=1.00 log10(pixels)=2.25
0.103803720955957	2	379	log2(tiles)=0.00 log10(pixels)=2.00
-0.0541003475907664	1	380	log2(tiles)=1.00 log10(pixels)=2.25
0.101258348719075	1	381	log2(tiles)=0.00 log10(pixels)=1.75
0.0670263661590602	1	382	log2(tiles)=1.00 log10(pixels)=2.50
0.110338006570994	1	383	log2(tiles)=1.50 log10(pixels)=2.75
0.107209969647868	1	384	log2(tiles)=1.00 log10(pixels)=2.00
0.021841606536499	1	385	log2(tiles)=1.00 log10(pixels)=2.25
0.00527250510330601	1	386	log2(tiles)=1.00 log10(pixels)=2.25
0.0963371121298051	1	387	log2(tiles)=2.00 log10(pixels)=2.75
0.0078558716958308	1	388	log2(tiles)=0.00 log10(pixels)=2.50
0.108526033577194	1	389	log2(tiles)=1.00 log10(pixels)=2.50
-0.0404849854573692	1	390	log2(tiles)=0.00 log10(pixels)=2.25
0.00432137378264263	2	391	log2(tiles)=1.00 log10(pixels)=2.00
0.0763358609287517	1	392	log2(tiles)=0.00 log10(pixels)=2.25
-0.0339966563652008	1	393	log2(tiles)=1.00 log10(pixels)=1.75
0.0334237554869499	1	394	log2(tiles)=0.00 log10(pixels)=2.00
-0.115771230367396	1	395	log2(tiles)=1.50 log10(pixels)=3.00
0.0132176000679389	1	396	log2(tiles)=1.50 log10(pixels)=2.50
-0.117982957425132	1	397	log2(tiles)=0.00 log10(pixels)=2.50
-0.0739087409443187	1	398	log2(tiles)=0.00 log10(pixels)=1.25
0.0464951643347082	1	399	log2(tiles)=2.00 log10(pixels)=3.00
-0.0900668766687054	1	400	log2(tiles)=0.00 log10(pixels)=2.50
0.0263392773898441	1	401	log2(tiles)=1.00 log10(pixels)=2.50
-0.0969100130080565	1	402	log2(tiles)=0.00 log10(pixels)=2.00
0.100033257689769	1	403	log2(tiles)=1.00 log10(pixels)=2.75
0.117355921026019	1	404	log2(tiles)=2.00 log10(pixels)=3.25
-0.121602099051862	1	405	log2(tiles)=2.25 log10(pixels)=3.50
0.0374264979406238	2	406	log2(tiles)=1.00 log10(pixels)=2.00
-0.122895201635192	1	407	log2(tiles)=0.00 log10(pixels)=2.25
0.0195129442179165	1	408	log2(tiles)=0.00 log10(pixels)=2.25
-0.114516253185088	1	409	log2(tiles)=0.00 log10(pixels)=2.75
0.0655777483242672	1	410	log2(tiles)=1.50 log10(pixels)=2.75
0.0797835966168101	1	411	log2(tiles)=0.00 log10(pixels)=1.50
-0.0458494831602008	1	412	log2(tiles)=2.00 log10(pixels)=2.75
-0.0362121726544447	1	413	log2(tiles)=1.00 log10(pixels)=2.00
-0.0809219076239261	1	414	log2(tiles)=0.00 log10(pixels)=2.00
0.0422560713564759	1	415	log2(tiles)=0.00 log10(pixels)=2.25
0.117271295655764	1	416	log2(tiles)=1.00 log10(pixels)=2.00
0.106381365110605	1	417	log2(tiles)=2.00 log10(pixels)=2.50
0.0838608008665731	1	418	log2(tiles)=1.50 log10(pixels)=3.00
-0.0872421683184257	1	419	log2(tiles)=1.50 log10(pixels)=2.75
-0.0655015487564323	1	420	log2(tiles)=0.00 log10(pixels)=2.00
0.0514037100173552	1	421	log2(tiles)=1.00 log10(pixels)=2.75
0.113322860120456	1	422	log2(tiles)=2.00 log10(pixels)=2.75
0.0440680443502757	1	423	log2(tiles)=0.00 log10(pixels)=1.50
0.0910646070264991	1	424	log2(tiles)=1.00 log10(pixels)=1.50
0.00302947055361802	1	425	log2(tiles)=2.00 log10(pixels)=3.00
0.0440680443502757	2	426	log2(tiles)=0.00 log10(pixels)=1.50
0.0680633349627615	1	427	log2(tiles)=0.00 log10(pixels)=2.25
-0.0228787452803376	1	428	log2(tiles)=0.00 log10(pixels)=1.50
0.0453229787866576	2	429	log2(tiles)=1.00 log10(pixels)=2.00
0.0827853703164498	1	430	log2(tiles)=0.00 log10(pixels)=2.00
-0.00945075171740051	2	431	log2(tiles)=1.00 log10(pixels)=2.25
-0.00348832784582154	1	432	log2(tiles)=1.00 log10(pixels)=3.00
0.0791812460476247	2	433	log2(tiles)=1.00 log10(pixels)=2.00
-0.0228787452803374	1	434	log2(tiles)=1.00 log10(pixels)=2.50
0.107209969647868	2	435	log2(tiles)=0.00 log10(pixels)=2.00
-0.0026136156026868	1	436	log2(tiles)=2.75 log10(pixels)=3.00
0.0561799739838871	1	437	log2(tiles)=0.00 log10(pixels)=2.75
0.0314789170422551	1	438	log2(tiles)=0.00 log10(pixels)=1.50
0.00434833571101878	1	439	log2(tiles)=1.00 log10(pixels)=2.75
0.0638672203691533	1	440	log2(tiles)=1.00 log10(pixels)=2.25
-0.122895201635192	2	441	log2(tiles)=0.00 log10(pixels)=2.25
0.103803720955957	1	442	log2(tiles)=1.00 log10(pixels)=2.00
0.0563025007672873	2	443	log2(tiles)=1.00 log10(pixels)=1.50
0.0760748027008265	1	444	log2(tiles)=1.00 log10(pixels)=1.75
-0.0362121726544447	2	445	log2(tiles)=1.00 log10(pixels)=2.00
0.0374264979406238	2	446	log2(tiles)=0.00 log10(pixels)=2.00
-0.124687549038326	2	447	log2(tiles)=0.00 log10(pixels)=2.75
-0.0967874862246563	1	448	log2(tiles)=1.00 log10(pixels)=1.75
0.0208520116421442	1	449	log2(tiles)=0.00 log10(pixels)=1.75
0	1	450	log2(tiles)=1.50 log10(pixels)=2.00
-0.0809219076239261	2	451	log2(tiles)=0.00 log10(pixels)=2.00
0.0437551269686796	1	452	log2(tiles)=1.50 log10(pixels)=3.00
0.0596301674258988	1	453	log2(tiles)=1.00 log10(pixels)=2.25
0.0884564936046046	1	454	log2(tiles)=1.00 log10(pixels)=2.25
0.068201724066995	1	455	log2(tiles)=1.00 log10(pixels)=1.50
0.0100713879850747	1	456	log2(tiles)=1.00 log10(pixels)=2.25
-0.00300930075845018	1	457	log2(tiles)=1.50 log10(pixels)=3.25
0.00432137378264263	2	458	log2(tiles)=0.00 log10(pixels)=2.00
0.107209969647868	3	459	log2(tiles)=0.00 log10(pixels)=2.00
0.0728716022004803	1	460	log2(tiles)=1.00 log10(pixels)=2.50
0.0301996982030821	1	461	log2(tiles)=2.00 log10(pixels)=2.50
-0.0376020021010439	1	462	log2(tiles)=1.00 log10(pixels)=2.50
-0.103871964321762	1	463	log2(tiles)=1.00 log10(pixels)=2.25
0.0111758131557314	1	464	log2(tiles)=1.00 log10(pixels)=2.75
0.0502283530550942	1	465	log2(tiles)=1.00 log10(pixels)=2.50
-0.0734887386354246	1	466	log2(tiles)=1.00 log10(pixels)=2.50
0.0148178230095364	1	467	log2(tiles)=0.00 log10(pixels)=2.25
0.0310333672477277	1	468	log2(tiles)=0.00 log10(pixels)=2.25
0.0924226808222062	1	469	log2(tiles)=1.00 log10(pixels)=2.25
-0.0170038896078464	1	470	log2(tiles)=0.00 log10(pixels)=2.25
-0.0769790928711038	1	471	log2(tiles)=1.00 log10(pixels)=2.75
-0.0797382846050425	1	472	log2(tiles)=1.00 log10(pixels)=2.25
0.068201724066995	2	473	log2(tiles)=1.00 log10(pixels)=1.50
-0.082682665251824	1	474	log2(tiles)=0.00 log10(pixels)=2.25
0.0963529744506388	1	475	log2(tiles)=1.00 log10(pixels)=2.25
0.0493405494535817	1	476	log2(tiles)=0.00 log10(pixels)=1.75
0.0695439355418688	1	477	log2(tiles)=1.00 log10(pixels)=1.75
-0.0686362358410126	1	478	log2(tiles)=1.00 log10(pixels)=2.50
0.0827853703164498	1	479	log2(tiles)=1.00 log10(pixels)=2.00
-0.0687587626244128	1	480	log2(tiles)=0.00 log10(pixels)=1.75
-0.117982957425132	1	481	log2(tiles)=1.00 log10(pixels)=2.50
-0.0195510786217261	1	482	log2(tiles)=0.00 log10(pixels)=1.25
0.0466651902615309	2	483	log2(tiles)=1.00 log10(pixels)=2.25
-0.0779021420642825	1	484	log2(tiles)=0.00 log10(pixels)=1.75
0.123851640967086	1	485	log2(tiles)=0.00 log10(pixels)=2.00
-0.044992040666664	1	486	log2(tiles)=1.00 log10(pixels)=2.75
0.0754261177678233	1	487	log2(tiles)=0.00 log10(pixels)=2.75
-0.00307035192678518	1	488	log2(tiles)=0.00 log10(pixels)=2.50
0.123851640967086	1	489	log2(tiles)=1.50 log10(pixels)=3.00
-0.093459819566045	1	490	log2(tiles)=1.00 log10(pixels)=2.50
0.112783856719735	1	491	log2(tiles)=0.00 log10(pixels)=1.50
0.0606978403536118	1	492	log2(tiles)=0.00 log10(pixels)=2.00
-0.0112194415156308	1	493	log2(tiles)=0.00 log10(pixels)=2.75
-0.0560410219808132	1	494	log2(tiles)=2.00 log10(pixels)=3.25
-0.0767541260631921	1	495	log2(tiles)=0.00 log10(pixels)=2.50
-0.0969100130080565	1	496	log2(tiles)=1.00 log10(pixels)=2.00
0.0774917998372251	1	497	log2(tiles)=1.50 log10(pixels)=2.50
0.0440680443502757	1	498	log2(tiles)=1.00 log10(pixels)=1.50
-0.0946639625349381	1	499	log2(tiles)=0.00 log10(pixels)=2.25
-0.0783960731301687	1	500	log2(tiles)=1.00 log10(pixels)=2.50
-0.0816987086802548	1	501	log2(tiles)=1.50 log10(pixels)=2.50
-0.109518563029578	1	502	log2(tiles)=1.00 log10(pixels)=2.75
-0.0606673061697372	1	503	log2(tiles)=1.00 log10(pixels)=2.50
-0.0915149811213503	2	504	log2(tiles)=0.00 log10(pixels)=2.00
0.057496037913213	1	505	log2(tiles)=0.00 log10(pixels)=2.25
-0.119186407719209	1	506	log2(tiles)=1.00 log10(pixels)=2.00
-0.0555173278498313	1	507	log2(tiles)=0.00 log10(pixels)=2.00
0.0333012287035497	2	508	log2(tiles)=0.00 log10(pixels)=2.25
-0.0376020021010439	2	509	log2(tiles)=0.00 log10(pixels)=1.50
-0.0457574905606752	1	510	log2(tiles)=0.00 log10(pixels)=2.00
0.0440680443502757	1	511	log2(tiles)=1.50 log10(pixels)=1.50
-0.0486028756795487	1	512	log2(tiles)=1.00 log10(pixels)=2.25
0	1	513	log2(tiles)=0.00 log10(pixels)=1.00
-0.102372908709559	1	514	log2(tiles)=0.00 log10(pixels)=2.00
-0.098721986001856	1	515	log2(tiles)=0.00 log10(pixels)=2.75
0.00920252233110297	2	516	log2(tiles)=0.00 log10(pixels)=2.50
0.0287536009528289	1	517	log2(tiles)=1.50 log10(pixels)=1.25
-0.0604807473813815	2	518	log2(tiles)=1.00 log10(pixels)=2.00
0.0211892990699383	1	519	log2(tiles)=1.00 log10(pixels)=2.00
-0.045880017344075	1	520	log2(tiles)=1.00 log10(pixels)=2.25
-0.0176062401770314	1	521	log2(tiles)=0.00 log10(pixels)=2.75
-0.0702477199975919	1	522	log2(tiles)=2.00 log10(pixels)=2.50
-0.0779021420642825	1	523	log2(tiles)=1.00 log10(pixels)=1.75
-0.116531544420413	1	524	log2(tiles)=0.00 log10(pixels)=1.75
-0.100665141287858	1	525	log2(tiles)=1.00 log10(pixels)=2.75
0.0493405494535817	2	526	log2(tiles)=0.00 log10(pixels)=1.75
-0.071865205971211	2	527	log2(tiles)=1.50 log10(pixels)=2.50
0.0510299956639813	1	528	log2(tiles)=1.00 log10(pixels)=1.25
0.0153597554092144	1	529	log2(tiles)=1.00 log10(pixels)=3.00
-0.0376020021010439	3	530	log2(tiles)=0.00 log10(pixels)=1.50
0.0634810853944106	1	531	log2(tiles)=0.00 log10(pixels)=2.50
0.0659703454569178	1	532	log2(tiles)=1.00 log10(pixels)=2.25
-0.106547323513813	1	533	log2(tiles)=0.00 log10(pixels)=1.75
0.00527250510330601	1	534	log2(tiles)=1.00 log10(pixels)=1.25
0.0884564936046046	1	535	log2(tiles)=2.00 log10(pixels)=2.25
-0.100665141287858	1	536	log2(tiles)=2.00 log10(pixels)=2.75
-0.122895201635192	1	537	log2(tiles)=2.00 log10(pixels)=2.25
-0.0536436112666676	1	538	log2(tiles)=1.50 log10(pixels)=2.75
0.111727836017593	1	539	log2(tiles)=1.00 log10(pixels)=2.25
0.0402851640332416	1	540	log2(tiles)=1.00 log10(pixels)=2.75
-0.0409586076789064	1	541	log2(tiles)=0.00 log10(pixels)=2.00
-0.0853580244438743	1	542	log2(tiles)=2.00 log10(pixels)=2.75
0.0141761323903307	1	543	log2(tiles)=1.50 log10(pixels)=2.75
-0.0653085691824011	1	544	log2(tiles)=0.00 log10(pixels)=2.25
0.0422560713564759	1	545	log2(tiles)=1.50 log10(pixels)=2.25
0.0281512503836436	1	546	log2(tiles)=0.00 log10(pixels)=1.75
-0.0598039199714864	1	547	log2(tiles)=1.00 log10(pixels)=1.75
0.0353298350107671	1	548	log2(tiles)=1.50 log10(pixels)=1.75
0.107455023214669	1	549	log2(tiles)=0.00 log10(pixels)=2.50
0.100972895686748	1	550	log2(tiles)=1.00 log10(pixels)=2.50
0.00527250510330601	1	551	log2(tiles)=1.50 log10(pixels)=2.25
-0.124360062995831	1	552	log2(tiles)=1.00 log10(pixels)=3.00
0.123851640967086	1	553	log2(tiles)=1.50 log10(pixels)=2.00
0.0644579892269186	3	554	log2(tiles)=1.00 log10(pixels)=2.00
0.110589710299249	1	555	log2(tiles)=1.00 log10(pixels)=2.00
0.0856905714924254	1	556	log2(tiles)=0.00 log10(pixels)=2.75
0.0561799739838871	1	557	log2(tiles)=1.00 log10(pixels)=1.75
0.0924226808222062	1	558	log2(tiles)=0.00 log10(pixels)=1.25
0.0611013836490559	1	559	log2(tiles)=0.00 log10(pixels)=2.50
-0.0236579128363692	1	560	log2(tiles)=2.00 log10(pixels)=3.25
-0.0655015487564323	2	561	log2(tiles)=0.00 log10(pixels)=2.00
-0.0195510786217261	1	562	log2(tiles)=1.00 log10(pixels)=1.25
-0.0510299956639813	1	563	log2(tiles)=1.00 log10(pixels)=1.75
-0.0555173278498313	2	564	log2(tiles)=0.00 log10(pixels)=2.00
0.012837224705172	1	565	log2(tiles)=1.00 log10(pixels)=2.00
-0.0739087409443187	2	566	log2(tiles)=0.00 log10(pixels)=1.25
-0.0861861476162833	1	567	log2(tiles)=0.00 log10(pixels)=2.00
-0.0528419686577808	1	568	log2(tiles)=0.00 log10(pixels)=1.50
0.111727836017593	1	569	log2(tiles)=0.00 log10(pixels)=1.25
0.0423916894982539	1	570	log2(tiles)=0.00 log10(pixels)=1.75
0.0134279935629373	2	571	log2(tiles)=0.00 log10(pixels)=1.75
-0.0809219076239261	3	572	log2(tiles)=0.00 log10(pixels)=2.00
0.0493405494535817	3	573	log2(tiles)=0.00 log10(pixels)=1.75
-0.0654310959658013	1	574	log2(tiles)=2.00 log10(pixels)=2.50
0.0910646070264991	1	575	log2(tiles)=0.00 log10(pixels)=1.50
0.123249290397901	2	576	log2(tiles)=0.00 log10(pixels)=1.50
-0.0598039199714864	2	577	log2(tiles)=0.00 log10(pixels)=1.75
-0.0528419686577808	1	578	log2(tiles)=1.00 log10(pixels)=1.50
-0.0510299956639812	1	579	log2(tiles)=0.00 log10(pixels)=0.75
0.068201724066995	1	580	log2(tiles)=0.00 log10(pixels)=1.50
-0.102059991327962	1	581	log2(tiles)=0.00 log10(pixels)=1.50
-0.101705902565254	1	582	log2(tiles)=2.00 log10(pixels)=3.25
0.0333012287035497	3	583	log2(tiles)=0.00 log10(pixels)=2.25
0.00514997831990605	1	584	log2(tiles)=1.00 log10(pixels)=1.50
-0.106547323513813	1	585	log2(tiles)=1.00 log10(pixels)=1.75
0.111727836017593	2	586	log2(tiles)=0.00 log10(pixels)=1.25
0.122912002970107	1	587	log2(tiles)=0.00 log10(pixels)=2.25
-0.0615801779972895	2	588	log2(tiles)=1.00 log10(pixels)=2.75
-0.0919886033428874	1	589	log2(tiles)=1.50 log10(pixels)=2.75
0.00587485567249146	1	590	log2(tiles)=1.00 log10(pixels)=2.75
-0.0785660990569919	1	591	log2(tiles)=2.00 log10(pixels)=3.25
0.0171717284030137	1	592	log2(tiles)=1.00 log10(pixels)=2.25
0.0943922736851106	1	593	log2(tiles)=1.00 log10(pixels)=2.25
-0.0543770564130632	1	594	log2(tiles)=1.50 log10(pixels)=3.25
0.0353298350107671	1	595	log2(tiles)=1.00 log10(pixels)=1.75
0.0742824552976926	1	596	log2(tiles)=0.00 log10(pixels)=2.25
0.0629133566428555	1	597	log2(tiles)=1.00 log10(pixels)=1.75
0.0171717284030137	1	598	log2(tiles)=2.00 log10(pixels)=2.25
0.0969100130080562	1	599	log2(tiles)=1.00 log10(pixels)=2.00
-0.0516178699917056	1	600	log2(tiles)=1.00 log10(pixels)=3.25
-0.0929441471428962	1	601	log2(tiles)=0.00 log10(pixels)=2.75
0.000508394851346239	1	602	log2(tiles)=1.00 log10(pixels)=2.75
0.113322860120456	1	603	log2(tiles)=0.00 log10(pixels)=1.75
0.00527250510330601	2	604	log2(tiles)=1.00 log10(pixels)=1.25
0.00527250510330601	3	605	log2(tiles)=1.00 log10(pixels)=1.25
-0.119788758288394	1	606	log2(tiles)=0.00 log10(pixels)=1.50
0.0791812460476247	3	607	log2(tiles)=1.00 log10(pixels)=2.00
0.0659529803138699	1	608	log2(tiles)=2.00 log10(pixels)=3.00
0.0797835966168101	2	609	log2(tiles)=0.00 log10(pixels)=1.50
-0.0599818449923366	1	610	log2(tiles)=0.00 log10(pixels)=3.00
0.00527250510330601	1	611	log2(tiles)=0.00 log10(pixels)=1.25
0.111727836017593	3	612	log2(tiles)=0.00 log10(pixels)=1.25
0.0423916894982539	1	613	log2(tiles)=1.00 log10(pixels)=1.75
0.068201724066995	2	614	log2(tiles)=0.00 log10(pixels)=1.50
-0.0939017979871681	1	615	log2(tiles)=1.50 log10(pixels)=2.75
0.0287536009528289	1	616	log2(tiles)=0.00 log10(pixels)=1.25
0.064832219738574	1	617	log2(tiles)=2.00 log10(pixels)=3.00
0.0333012287035497	4	618	log2(tiles)=0.00 log10(pixels)=2.25
-0.0886319977650252	1	619	log2(tiles)=0.00 log10(pixels)=2.25
0.107209969647868	2	620	log2(tiles)=1.00 log10(pixels)=2.00
-0.00877392430750512	2	621	log2(tiles)=0.00 log10(pixels)=2.00
0.0844537511509307	1	622	log2(tiles)=2.00 log10(pixels)=2.25
0.0606978403536118	1	623	log2(tiles)=1.00 log10(pixels)=2.00
-0.0739087409443187	3	624	log2(tiles)=0.00 log10(pixels)=1.25
0.0422560713564759	1	625	log2(tiles)=1.00 log10(pixels)=2.25
0.0211380837040362	2	626	log2(tiles)=0.00 log10(pixels)=2.50
-0.0486624812040821	1	627	log2(tiles)=1.00 log10(pixels)=3.00
-0.031517051446065	1	628	log2(tiles)=1.00 log10(pixels)=2.00
0.101258348719075	2	629	log2(tiles)=0.00 log10(pixels)=1.75
0.119093330626743	1	630	log2(tiles)=1.00 log10(pixels)=2.50
0.0824384599156054	1	631	log2(tiles)=0.00 log10(pixels)=2.25
0.0264618041732443	1	632	log2(tiles)=1.00 log10(pixels)=2.25
-0.121602099051862	1	633	log2(tiles)=1.50 log10(pixels)=2.50
-0.123659632624958	1	634	log2(tiles)=1.00 log10(pixels)=2.75
0.0296669440484556	1	635	log2(tiles)=1.50 log10(pixels)=3.25
0.0423916894982539	2	636	log2(tiles)=1.00 log10(pixels)=1.75
0.0170333392987803	1	637	log2(tiles)=1.50 log10(pixels)=2.00
0.107209969647868	4	638	log2(tiles)=0.00 log10(pixels)=2.00
-0.0431741239681505	1	639	log2(tiles)=1.00 log10(pixels)=2.25
0.107209969647868	5	640	log2(tiles)=0.00 log10(pixels)=2.00
-0.0655015487564323	1	641	log2(tiles)=1.00 log10(pixels)=2.00
-0.0596683018297086	1	642	log2(tiles)=1.00 log10(pixels)=2.25
-0.0482135644757098	1	643	log2(tiles)=0.00 log10(pixels)=2.50
-0.0589185078770314	1	644	log2(tiles)=2.00 log10(pixels)=2.75
0.100248018334163	2	645	log2(tiles)=1.00 log10(pixels)=2.25
0.0943922736851106	1	646	log2(tiles)=0.00 log10(pixels)=2.25
-0.0214335044061569	1	647	log2(tiles)=1.00 log10(pixels)=2.50
-0.0977116556169437	1	648	log2(tiles)=1.50 log10(pixels)=2.25
0.00432137378264263	3	649	log2(tiles)=0.00 log10(pixels)=2.00
-0.0486028756795487	2	650	log2(tiles)=1.00 log10(pixels)=2.25
0.0659703454569178	1	651	log2(tiles)=0.00 log10(pixels)=2.25
0.102059991327963	1	652	log2(tiles)=0.00 log10(pixels)=2.50
0.00281643118827146	1	653	log2(tiles)=1.50 log10(pixels)=2.75
-0.0510299956639812	2	654	log2(tiles)=0.00 log10(pixels)=0.75
-0.078273546346769	1	655	log2(tiles)=1.50 log10(pixels)=3.25
0.0413926851582249	2	656	log2(tiles)=0.00 log10(pixels)=2.00
0.00650503240487188	1	657	log2(tiles)=1.00 log10(pixels)=2.50
-0.0969100130080565	2	658	log2(tiles)=0.00 log10(pixels)=2.00
0.0602325179950842	1	659	log2(tiles)=2.00 log10(pixels)=2.75
0.0760748027008265	2	660	log2(tiles)=1.00 log10(pixels)=1.75
0.0100713879850747	1	661	log2(tiles)=0.00 log10(pixels)=2.25
-0.103871964321762	2	662	log2(tiles)=1.00 log10(pixels)=2.25
0.0215874808812555	1	663	log2(tiles)=1.50 log10(pixels)=2.75
0.101258348719075	3	664	log2(tiles)=0.00 log10(pixels)=1.75
0.113322860120456	1	665	log2(tiles)=1.00 log10(pixels)=1.75
-0.0844190089820467	1	666	log2(tiles)=0.00 log10(pixels)=2.75
-0.0598039199714864	2	667	log2(tiles)=1.00 log10(pixels)=1.75
0.0193773260761385	1	668	log2(tiles)=2.00 log10(pixels)=2.75
-0.00863830616572736	1	669	log2(tiles)=0.00 log10(pixels)=1.50
-0.0378123955960423	2	670	log2(tiles)=0.00 log10(pixels)=2.25
0.0287536009528289	2	671	log2(tiles)=1.00 log10(pixels)=2.25
0.113322860120456	2	672	log2(tiles)=0.00 log10(pixels)=1.75
-0.0195510786217261	2	673	log2(tiles)=0.00 log10(pixels)=1.25
-0.119186407719209	1	674	log2(tiles)=0.00 log10(pixels)=2.00
0.068201724066995	3	675	log2(tiles)=0.00 log10(pixels)=1.50
-0.0195510786217261	3	676	log2(tiles)=0.00 log10(pixels)=1.25
-0.0195510786217261	4	677	log2(tiles)=0.00 log10(pixels)=1.25
-0.0114410431213843	1	678	log2(tiles)=2.00 log10(pixels)=3.00
-0.0171264163912461	2	679	log2(tiles)=1.00 log10(pixels)=2.50
-0.0257837359237447	2	680	log2(tiles)=0.00 log10(pixels)=2.50
-0.0513429130455774	1	681	log2(tiles)=0.00 log10(pixels)=2.25
0.0310369386211318	1	682	log2(tiles)=1.00 log10(pixels)=2.75
-0.0779021420642825	2	683	log2(tiles)=0.00 log10(pixels)=1.75
-0.0598039199714864	3	684	log2(tiles)=0.00 log10(pixels)=1.75
0.0211892990699383	1	685	log2(tiles)=0.00 log10(pixels)=2.00
-0.00963731050575634	1	686	log2(tiles)=1.50 log10(pixels)=2.75
-0.119186407719209	2	687	log2(tiles)=1.00 log10(pixels)=2.00
0.0353298350107671	2	688	log2(tiles)=1.00 log10(pixels)=1.75
-0.0176062401770314	1	689	log2(tiles)=1.50 log10(pixels)=2.75
-0.0757207139381184	2	690	log2(tiles)=1.00 log10(pixels)=2.00
0.112783856719735	2	691	log2(tiles)=0.00 log10(pixels)=1.50
0.112783856719735	1	692	log2(tiles)=1.00 log10(pixels)=2.50
-0.116184634019569	1	693	log2(tiles)=1.50 log10(pixels)=2.50
0.0185139398778875	1	694	log2(tiles)=0.00 log10(pixels)=1.50
0.079946695941636	1	695	log2(tiles)=0.00 log10(pixels)=2.75
-0.112945621949043	1	696	log2(tiles)=2.00 log10(pixels)=3.00
0.104306041801081	1	697	log2(tiles)=2.00 log10(pixels)=2.75
0.00285303097989331	1	698	log2(tiles)=1.00 log10(pixels)=2.25
-0.0510299956639813	2	699	log2(tiles)=1.00 log10(pixels)=1.75
0.0943925503754266	1	700	log2(tiles)=1.00 log10(pixels)=2.50
0.080413773349191	1	701	log2(tiles)=1.00 log10(pixels)=2.25
0.100370545117563	1	702	log2(tiles)=1.00 log10(pixels)=2.00
-0.0653085691824011	1	703	log2(tiles)=1.00 log10(pixels)=2.25
0.0287536009528289	2	704	log2(tiles)=0.00 log10(pixels)=1.25
-0.0916375079047502	1	705	log2(tiles)=0.00 log10(pixels)=2.25
0.0718820073061255	1	706	log2(tiles)=1.50 log10(pixels)=2.00
-0.119572124974976	1	707	log2(tiles)=1.00 log10(pixels)=2.75
0.0510299956639813	1	708	log2(tiles)=0.00 log10(pixels)=1.25
-0.0195510786217259	1	709	log2(tiles)=0.00 log10(pixels)=2.25
0.0237464668115646	1	710	log2(tiles)=1.50 log10(pixels)=2.50
-0.00863830616572736	1	711	log2(tiles)=1.00 log10(pixels)=2.50
-0.106547323513813	2	712	log2(tiles)=0.00 log10(pixels)=1.75
-0.0886319977650252	2	713	log2(tiles)=0.00 log10(pixels)=2.25
0.0230546933642626	1	714	log2(tiles)=1.50 log10(pixels)=2.75
-0.106985199745905	1	715	log2(tiles)=1.00 log10(pixels)=2.25
-0.0604807473813815	1	716	log2(tiles)=0.00 log10(pixels)=2.00
0.0722192947339191	1	717	log2(tiles)=1.00 log10(pixels)=2.25
-0.121602099051862	1	718	log2(tiles)=2.00 log10(pixels)=2.50
0.0428254269591797	1	719	log2(tiles)=1.00 log10(pixels)=2.50
0.0281512503836434	1	720	log2(tiles)=1.00 log10(pixels)=2.75
0.0976951859255122	1	721	log2(tiles)=1.00 log10(pixels)=2.50
0.0681858617461617	1	722	log2(tiles)=0.00 log10(pixels)=2.00
0.0510299956639813	2	723	log2(tiles)=0.00 log10(pixels)=2.25
-0.0268721464003014	1	724	log2(tiles)=1.00 log10(pixels)=2.00
-0.082682665251824	1	725	log2(tiles)=2.00 log10(pixels)=2.25
-0.10078088734462	1	726	log2(tiles)=1.00 log10(pixels)=2.25
-0.0969100130080565	3	727	log2(tiles)=0.00 log10(pixels)=2.00
-0.0967874862246563	1	728	log2(tiles)=0.00 log10(pixels)=1.75
-0.0604807473813815	3	729	log2(tiles)=1.00 log10(pixels)=2.00
0.00432137378264263	4	730	log2(tiles)=0.00 log10(pixels)=2.00
-0.0395292224657009	1	731	log2(tiles)=1.50 log10(pixels)=3.00
0.0907332346118066	1	732	log2(tiles)=1.50 log10(pixels)=2.75
-0.118556230986828	1	733	log2(tiles)=1.00 log10(pixels)=2.75
-0.0257241303992108	1	734	log2(tiles)=1.00 log10(pixels)=1.75
0.0510299956639813	3	735	log2(tiles)=0.00 log10(pixels)=2.25
0.0428254269591797	2	736	log2(tiles)=1.00 log10(pixels)=2.50
-0.0929441471428962	1	737	log2(tiles)=1.50 log10(pixels)=2.75
0.101258348719075	1	738	log2(tiles)=1.00 log10(pixels)=1.75
-0.0132282657337552	1	739	log2(tiles)=0.00 log10(pixels)=2.00
0.0453229787866576	3	740	log2(tiles)=1.00 log10(pixels)=2.00
0.0742824552976926	2	741	log2(tiles)=0.00 log10(pixels)=2.25
-0.106547323513813	3	742	log2(tiles)=0.00 log10(pixels)=1.75
0.113943352306837	2	743	log2(tiles)=1.50 log10(pixels)=3.00
0.0493405494535817	4	744	log2(tiles)=0.00 log10(pixels)=1.75
0.0791812460476249	1	745	log2(tiles)=1.00 log10(pixels)=1.00
-0.124360062995831	2	746	log2(tiles)=1.00 log10(pixels)=3.00
0.0287536009528289	3	747	log2(tiles)=0.00 log10(pixels)=1.25
-0.118556230986828	2	748	log2(tiles)=1.00 log10(pixels)=2.75
-0.0969100130080565	4	749	log2(tiles)=0.00 log10(pixels)=2.00
-0.113509274827518	1	750	log2(tiles)=1.00 log10(pixels)=2.00
0.00587485567249146	2	751	log2(tiles)=0.00 log10(pixels)=1.75
0.0453229787866576	1	752	log2(tiles)=0.00 log10(pixels)=2.00
0.101258348719075	4	753	log2(tiles)=0.00 log10(pixels)=1.75
-0.00181197299379954	1	754	log2(tiles)=1.00 log10(pixels)=1.75
-0.00181197299379954	2	755	log2(tiles)=1.00 log10(pixels)=1.75
0.0281512503836436	2	756	log2(tiles)=0.00 log10(pixels)=1.75
-0.0301183562534999	1	757	log2(tiles)=0.00 log10(pixels)=3.00
-0.0687587626244128	2	758	log2(tiles)=0.00 log10(pixels)=1.75
0.0281512503836436	3	759	log2(tiles)=0.00 log10(pixels)=1.75
0.0629133566428555	1	760	log2(tiles)=0.00 log10(pixels)=1.75
-0.0510299956639813	3	761	log2(tiles)=1.00 log10(pixels)=1.75
-0.103871964321762	1	762	log2(tiles)=0.00 log10(pixels)=1.25
0.0510299956639813	2	763	log2(tiles)=0.00 log10(pixels)=1.25
0.080413773349191	1	764	log2(tiles)=2.00 log10(pixels)=2.25
0.0490032620257876	1	765	log2(tiles)=1.00 log10(pixels)=2.50
